-- Linsight 种子数据（Demo: 2026-07-10）
-- 时间范围：2026-07-03 ~ 2026-07-09（最近 7 天）
-- 订单：171 条 | 订单明细：453 条 | 支付：163 条
-- 采购单：8 张 | 库存批次：27 条

DELETE FROM payments;
DELETE FROM order_items;
DELETE FROM orders;
DELETE FROM inventory;
DELETE FROM purchase_items;
DELETE FROM purchase_orders;
DELETE FROM dish_ingredients;
DELETE FROM dishes;
DELETE FROM ingredients;
DELETE FROM suppliers;
DELETE FROM tables;

INSERT INTO suppliers (name, contact, phone, note) VALUES
('张记生鲜', '张老板', '13800138001', '主营蔬菜、肉类'),
('李氏粮油', '李经理', '13900139002', '主营粮油、调料'),
('王氏水产', '王老板', '13700137003', '主营海鲜、水产');

INSERT INTO ingredients (name, unit, warning_threshold) VALUES
('牛肉', 'kg', 5),
('猪肉', 'kg', 5),
('鸡肉', 'kg', 5),
('青菜', 'kg', 10),
('白菜', 'kg', 10),
('土豆', 'kg', 10),
('青椒', 'kg', 5),
('西红柿', 'kg', 5),
('鸡蛋', '个', 50),
('大米', 'kg', 20),
('面粉', 'kg', 10),
('食用油', 'L', 5),
('酱油', 'L', 5),
('盐', 'kg', 2),
('糖', 'kg', 2),
('生姜', 'kg', 3),
('大蒜', 'kg', 3),
('料酒', 'L', 2),
('豆瓣酱', 'kg', 2),
('香油', 'L', 2),
('木耳', 'kg', 2),
('香菇', 'kg', 2),
('腐竹', 'kg', 2),
('粉条', 'kg', 2),
('豆腐', 'kg', 5),
('鱼', 'kg', 3),
('虾', 'kg', 2),
('螃蟹', 'kg', 2),
('鱿鱼', 'kg', 2),
('海带', 'kg', 3);

INSERT INTO dishes (name, category, price, cost_estimate, is_active, sort_order) VALUES
('青椒肉丝', '主食', 28, 12, 1, 1),
('番茄炒蛋', '主食', 22, 8, 1, 2),
('红烧肉', '主食', 38, 18, 1, 3),
('炒青菜', '小菜', 16, 5, 1, 4),
('酸辣土豆丝', '小菜', 18, 6, 1, 5),
('蛋炒饭', '主食', 18, 7, 1, 6),
('牛肉面', '主食', 26, 11, 1, 7),
('鸡肉饭', '主食', 24, 10, 1, 8),
('酸梅汤', '饮品', 8, 2, 1, 9),
('豆浆', '饮品', 6, 1.5, 1, 10),
('回锅肉', '主食', 32, 14, 1, 11),
('麻婆豆腐', '主食', 24, 8, 1, 12),
('鱼香肉丝', '主食', 30, 13, 1, 13),
('宫保鸡丁', '主食', 32, 14, 1, 14),
('清蒸鱼', '主食', 48, 22, 1, 15),
('蒜蓉虾', '主食', 58, 28, 1, 16),
('炒木耳', '小菜', 20, 8, 1, 17),
('香菇青菜', '小菜', 22, 10, 1, 18),
('酸辣汤', '饮品', 12, 4, 1, 19),
('凉拌海带丝', '小菜', 14, 5, 1, 20);

INSERT INTO dish_ingredients (dish_id, ingredient_id, quantity, unit) VALUES
(1, 7, 0.15, 'kg'),
(1, 2, 0.2, 'kg'),
(2, 8, 0.3, 'kg'),
(2, 9, 3, '个'),
(3, 2, 0.4, 'kg'),
(3, 12, 0.05, 'L'),
(4, 4, 0.3, 'kg'),
(5, 6, 0.4, 'kg'),
(5, 7, 0.05, 'kg'),
(6, 10, 0.2, 'kg'),
(6, 9, 2, '个'),
(7, 1, 0.15, 'kg'),
(7, 10, 0.15, 'kg'),
(8, 3, 0.2, 'kg'),
(8, 10, 0.15, 'kg'),
(11, 2, 0.25, 'kg'),
(12, 25, 0.3, 'kg'),
(13, 2, 0.2, 'kg'),
(14, 3, 0.25, 'kg'),
(15, 26, 0.5, 'kg'),
(9, 15, 0.08, 'kg'),
(10, 15, 0.05, 'kg'),
(16, 27, 0.3, 'kg'),
(16, 17, 0.05, 'kg'),
(17, 21, 0.2, 'kg'),
(18, 22, 0.15, 'kg'),
(18, 4, 0.2, 'kg'),
(19, 25, 0.15, 'kg');

INSERT INTO tables (table_no, capacity, status) VALUES
('A1', 4, 'occupied'),
('A2', 4, 'occupied'),
('B1', 6, 'idle'),
('B2', 6, 'idle'),
('C1', 2, 'idle');

INSERT INTO purchase_orders (order_no, supplier_id, supplier_name, total_amount, source_type, source_file_path, ai_raw_text, status, note, operator, created_at, confirmed_at) VALUES
('PO20260703-001', 1, '张记生鲜', 862.5, 'manual', NULL, NULL, 'confirmed', NULL, '王老板', '2026-07-03 08:30:00', '2026-07-03 08:30:00'),
('PO20260704-001', 1, '张记生鲜', 759.6, 'image', 'uploads/PO20260704-001.jpg', NULL, 'confirmed', NULL, '王老板', '2026-07-04 08:15:00', '2026-07-04 08:15:00'),
('PO20260705-001', 2, '李氏粮油', 504, 'voice', NULL, '大米25kg，食用油8L，面粉10kg，酱油5L', 'confirmed', NULL, '王老板', '2026-07-05 09:00:00', '2026-07-05 09:00:00'),
('PO20260706-001', 1, '张记生鲜', 690.6, 'text', NULL, NULL, 'confirmed', NULL, '王老板', '2026-07-06 08:20:00', '2026-07-06 08:20:00'),
('PO20260707-001', 3, '王氏水产', 655, 'manual', NULL, NULL, 'confirmed', NULL, '王老板', '2026-07-07 08:45:00', '2026-07-07 08:45:00'),
('PO20260708-001', 1, '张记生鲜', 750.4, 'image', 'uploads/PO20260708-001.jpg', NULL, 'confirmed', NULL, '王老板', '2026-07-08 08:30:00', '2026-07-08 08:30:00'),
('PO20260708-002', 2, '李氏粮油', 269, 'text', NULL, NULL, 'confirmed', NULL, '王老板', '2026-07-08 09:00:00', '2026-07-08 09:00:00'),
('PO20260709-001', 1, '张记生鲜', 848, 'voice', NULL, '牛肉10kg，猪肉8kg，青菜20kg，土豆15kg', 'pending', NULL, '王老板', '2026-07-09 08:30:00', NULL);

INSERT INTO purchase_items (order_id, ingredient_id, ingredient_name, quantity, unit, unit_price, amount, ai_confidence) VALUES
(1, 1, '牛肉', 12, 'kg', 42, 504, 1),
(1, 2, '猪肉', 8, 'kg', 32, 256, 1),
(1, 4, '青菜', 15, 'kg', 4.5, 67.5, 1),
(1, 5, '白菜', 10, 'kg', 3.5, 35, 1),
(2, 1, '牛肉', 10, 'kg', 43, 430, 0.97),
(2, 3, '鸡肉', 10, 'kg', 18, 180, 0.94),
(2, 6, '土豆', 20, 'kg', 4.8, 96, 0.88),
(2, 7, '青椒', 8, 'kg', 6.7, 53.6, 0.94),
(3, 10, '大米', 25, 'kg', 8, 200, 0.93),
(3, 12, '食用油', 8, 'L', 20, 160, 0.91),
(3, 11, '面粉', 10, 'kg', 6, 60, 0.95),
(3, 13, '酱油', 5, 'L', 16.8, 84, 0.92),
(4, 1, '牛肉', 8, 'kg', 44, 352, 0.94),
(4, 2, '猪肉', 6, 'kg', 33, 198, 0.95),
(4, 8, '西红柿', 15, 'kg', 5, 75, 0.95),
(4, 9, '鸡蛋', 80, '个', 0.82, 65.6, 0.93),
(5, 26, '鱼', 10, 'kg', 25, 250, 1),
(5, 27, '虾', 5, 'kg', 60, 300, 1),
(5, 29, '鱿鱼', 3, 'kg', 35, 105, 1),
(6, 1, '牛肉', 12, 'kg', 42, 504, 0.89),
(6, 4, '青菜', 18, 'kg', 4.8, 86.4, 0.95),
(6, 9, '鸡蛋', 100, '个', 0.85, 85, 0.91),
(6, 21, '木耳', 3, 'kg', 25, 75, 0.91),
(7, 12, '食用油', 6, 'L', 20, 120, 0.88),
(7, 19, '豆瓣酱', 3, 'kg', 12, 36, 0.92),
(7, 15, '糖', 5, 'kg', 5, 25, 0.94),
(7, 22, '香菇', 4, 'kg', 22, 88, 0.97),
(8, 1, '牛肉', 10, 'kg', 43, 430, 0.91),
(8, 2, '猪肉', 8, 'kg', 32, 256, 0.92),
(8, 4, '青菜', 20, 'kg', 4.5, 90, 0.97),
(8, 6, '土豆', 15, 'kg', 4.8, 72, 0.93);

INSERT INTO inventory (ingredient_id, quantity, unit, batch_no, purchase_order_id, expiry_date, received_date, status) VALUES
(1, 0, 'kg', 'B20260703-001', 1, '2026-07-08', '2026-07-03', 'consumed'),
(2, 0, 'kg', 'B20260703-002', 1, '2026-07-07', '2026-07-03', 'consumed'),
(4, 0, 'kg', 'B20260703-003', 1, '2026-07-06', '2026-07-03', 'consumed'),
(5, 0, 'kg', 'B20260703-004', 1, '2026-07-07', '2026-07-03', 'consumed'),
(1, 3, 'kg', 'B20260704-001', 2, '2026-07-15', '2026-07-04', 'active'),
(3, 4, 'kg', 'B20260704-002', 2, '2026-07-14', '2026-07-04', 'active'),
(6, 8, 'kg', 'B20260704-003', 2, '2026-07-16', '2026-07-04', 'active'),
(7, 0, 'kg', 'B20260704-004', 2, '2026-07-09', '2026-07-04', 'consumed'),
(10, 15, 'kg', 'B20260705-001', 3, '2026-10-05', '2026-07-05', 'active'),
(12, 5, 'L', 'B20260705-002', 3, '2026-12-05', '2026-07-05', 'active'),
(11, 4, 'kg', 'B20260705-003', 3, '2026-10-05', '2026-07-05', 'active'),
(13, 2, 'L', 'B20260705-004', 3, '2027-01-05', '2026-07-05', 'active'),
(1, 2, 'kg', 'B20260706-001', 4, '2026-07-12', '2026-07-06', 'active'),
(2, 0, 'kg', 'B20260706-002', 4, '2026-07-11', '2026-07-06', 'consumed'),
(8, 3, 'kg', 'B20260706-003', 4, '2026-07-13', '2026-07-06', 'active'),
(9, 20, '个', 'B20260706-004', 4, '2026-07-20', '2026-07-06', 'active'),
(26, 2, 'kg', 'B20260707-001', 5, '2026-07-11', '2026-07-07', 'active'),
(27, 1, 'kg', 'B20260707-002', 5, '2026-07-14', '2026-07-07', 'active'),
(29, 0, 'kg', 'B20260707-003', 5, '2026-07-10', '2026-07-07', 'consumed'),
(1, 5, 'kg', 'B20260708-001', 6, '2026-07-15', '2026-07-08', 'active'),
(4, 8, 'kg', 'B20260708-002', 6, '2026-07-14', '2026-07-08', 'active'),
(9, 60, '个', 'B20260708-003', 6, '2026-07-18', '2026-07-08', 'active'),
(21, 1, 'kg', 'B20260708-004', 6, '2026-07-22', '2026-07-08', 'active'),
(12, 4, 'L', 'B20260708-005', 7, '2026-12-08', '2026-07-08', 'active'),
(19, 2, 'kg', 'B20260708-006', 7, '2027-01-08', '2026-07-08', 'active'),
(15, 3, 'kg', 'B20260708-007', 7, '2027-01-08', '2026-07-08', 'active'),
(22, 2, 'kg', 'B20260708-008', 7, '2026-07-22', '2026-07-08', 'active');

INSERT INTO orders (order_no, type, table_no, status, items_count, subtotal, discount_amount, total_amount, paid_amount, pay_method, pay_time, note, created_at, updated_at) VALUES
('OD20260703-001', 'dine-in', 'A1', 'paid', 4, 130, 0, 130, 130, 'alipay', '2026-07-03 11:05:09', '', '2026-07-03 11:05:09', '2026-07-03 11:05:09'),
('OD20260703-002', 'quick', NULL, 'paid', 2, 108, 0, 108, 108, 'cash', '2026-07-03 11:17:21', '', '2026-07-03 11:17:21', '2026-07-03 11:17:21'),
('OD20260703-003', 'takeout', NULL, 'paid', 3, 52, 0, 52, 52, 'wechat', '2026-07-03 11:29:21', '', '2026-07-03 11:29:21', '2026-07-03 11:29:21'),
('OD20260703-004', 'takeout', NULL, 'paid', 4, 116, 0, 116, 116, 'cash', '2026-07-03 11:41:34', '', '2026-07-03 11:41:34', '2026-07-03 11:41:34'),
('OD20260703-005', 'takeout', NULL, 'paid', 2, 98, 5, 93, 93, 'wechat', '2026-07-03 11:52:38', '', '2026-07-03 11:52:38', '2026-07-03 11:52:38'),
('OD20260703-006', 'dine-in', 'A2', 'paid', 2, 56, 0, 56, 56, 'wechat', '2026-07-03 12:05:07', '', '2026-07-03 12:05:07', '2026-07-03 12:05:07'),
('OD20260703-007', 'takeout', NULL, 'paid', 4, 120, 0, 120, 120, 'alipay', '2026-07-03 12:15:19', '', '2026-07-03 12:15:19', '2026-07-03 12:15:19'),
('OD20260703-008', 'takeout', NULL, 'paid', 4, 104, 0, 104, 104, 'alipay', '2026-07-03 12:28:59', '', '2026-07-03 12:28:59', '2026-07-03 12:28:59'),
('OD20260703-009', 'dine-in', 'B1', 'paid', 4, 120, 0, 120, 120, 'aggregated', '2026-07-03 12:38:29', '', '2026-07-03 12:38:29', '2026-07-03 12:38:29'),
('OD20260703-010', 'takeout', NULL, 'paid', 3, 68, 10, 58, 58, 'wechat', '2026-07-03 12:52:05', '', '2026-07-03 12:52:05', '2026-07-03 12:52:05'),
('OD20260703-011', 'takeout', NULL, 'paid', 3, 60, 5, 55, 55, 'alipay', '2026-07-03 13:03:51', '', '2026-07-03 13:03:51', '2026-07-03 13:03:51'),
('OD20260703-012', 'takeout', NULL, 'paid', 2, 102, 0, 102, 102, 'wechat', '2026-07-03 13:16:24', '', '2026-07-03 13:16:24', '2026-07-03 13:16:24'),
('OD20260703-013', 'dine-in', 'B2', 'paid', 5, 252, 0, 252, 252, 'wechat', '2026-07-03 17:08:04', '', '2026-07-03 17:08:04', '2026-07-03 17:08:04'),
('OD20260703-014', 'dine-in', 'C1', 'paid', 2, 106, 0, 106, 106, 'cash', '2026-07-03 17:20:26', '', '2026-07-03 17:20:26', '2026-07-03 17:20:26'),
('OD20260703-015', 'dine-in', 'A1', 'paid', 2, 66, 0, 66, 66, 'alipay', '2026-07-03 17:38:31', '', '2026-07-03 17:38:31', '2026-07-03 17:38:31'),
('OD20260703-016', 'takeout', NULL, 'paid', 2, 34, 10, 24, 24, 'wechat', '2026-07-03 17:53:06', '', '2026-07-03 17:53:06', '2026-07-03 17:53:06'),
('OD20260703-017', 'quick', NULL, 'paid', 1, 40, 0, 40, 40, 'cash', '2026-07-03 18:08:56', '', '2026-07-03 18:08:56', '2026-07-03 18:08:56'),
('OD20260703-018', 'takeout', NULL, 'paid', 3, 88, 0, 88, 88, 'cash', '2026-07-03 18:22:05', '', '2026-07-03 18:22:05', '2026-07-03 18:22:05'),
('OD20260703-019', 'dine-in', 'A2', 'paid', 4, 154, 0, 154, 154, 'alipay', '2026-07-03 18:40:59', '', '2026-07-03 18:40:59', '2026-07-03 18:40:59'),
('OD20260703-020', 'quick', NULL, 'paid', 1, 52, 10, 42, 42, 'wechat', '2026-07-03 18:53:25', '', '2026-07-03 18:53:25', '2026-07-03 18:53:25'),
('OD20260703-021', 'quick', NULL, 'paid', 2, 56, 0, 56, 56, 'cash', '2026-07-03 19:11:31', '', '2026-07-03 19:11:31', '2026-07-03 19:11:31'),
('OD20260703-022', 'dine-in', 'C1', 'dining', 2, 74, 0, 74, 0, NULL, NULL, '', '2026-07-03 19:20:02', '2026-07-03 19:20:02'),
('OD20260704-001', 'dine-in', 'A1', 'paid', 5, 102, 5, 97, 97, 'alipay', '2026-07-04 11:07:10', '', '2026-07-04 11:07:10', '2026-07-04 11:07:10'),
('OD20260704-002', 'takeout', NULL, 'paid', 3, 78, 0, 78, 78, 'aggregated', '2026-07-04 11:14:23', '', '2026-07-04 11:14:23', '2026-07-04 11:14:23'),
('OD20260704-003', 'dine-in', 'A2', 'paid', 4, 160, 0, 160, 160, 'alipay', '2026-07-04 11:20:53', '', '2026-07-04 11:20:53', '2026-07-04 11:20:53'),
('OD20260704-004', 'takeout', NULL, 'paid', 4, 164, 0, 164, 164, 'alipay', '2026-07-04 11:28:19', '', '2026-07-04 11:28:19', '2026-07-04 11:28:19'),
('OD20260704-005', 'quick', NULL, 'paid', 2, 80, 0, 80, 80, 'alipay', '2026-07-04 11:37:24', '', '2026-07-04 11:37:24', '2026-07-04 11:37:24'),
('OD20260704-006', 'dine-in', 'B1', 'paid', 3, 70, 0, 70, 70, 'alipay', '2026-07-04 11:43:19', '', '2026-07-04 11:43:19', '2026-07-04 11:43:19'),
('OD20260704-007', 'takeout', NULL, 'paid', 3, 204, 15, 189, 189, 'wechat', '2026-07-04 11:54:45', '', '2026-07-04 11:54:45', '2026-07-04 11:54:45'),
('OD20260704-008', 'dine-in', 'B2', 'paid', 3, 110, 0, 110, 110, 'wechat', '2026-07-04 12:01:22', '', '2026-07-04 12:01:22', '2026-07-04 12:01:22'),
('OD20260704-009', 'dine-in', 'C1', 'paid', 3, 74, 0, 74, 74, 'alipay', '2026-07-04 12:07:52', '', '2026-07-04 12:07:52', '2026-07-04 12:07:52'),
('OD20260704-010', 'takeout', NULL, 'paid', 4, 118, 0, 118, 118, 'alipay', '2026-07-04 12:17:44', '', '2026-07-04 12:17:44', '2026-07-04 12:17:44'),
('OD20260704-011', 'quick', NULL, 'paid', 1, 32, 0, 32, 32, 'wechat', '2026-07-04 12:25:15', '', '2026-07-04 12:25:15', '2026-07-04 12:25:15'),
('OD20260704-012', 'takeout', NULL, 'paid', 2, 44, 0, 44, 44, 'alipay', '2026-07-04 12:33:08', '', '2026-07-04 12:33:08', '2026-07-04 12:33:08'),
('OD20260704-013', 'quick', NULL, 'paid', 1, 24, 0, 24, 24, 'wechat', '2026-07-04 12:38:11', '', '2026-07-04 12:38:11', '2026-07-04 12:38:11'),
('OD20260704-014', 'quick', NULL, 'paid', 1, 16, 0, 16, 16, 'alipay', '2026-07-04 12:49:09', '', '2026-07-04 12:49:09', '2026-07-04 12:49:09'),
('OD20260704-015', 'dine-in', 'A1', 'paid', 2, 54, 0, 54, 54, 'alipay', '2026-07-04 12:54:20', '', '2026-07-04 12:54:20', '2026-07-04 12:54:20'),
('OD20260704-016', 'quick', NULL, 'paid', 2, 72, 0, 72, 72, 'wechat', '2026-07-04 13:04:05', '', '2026-07-04 13:04:05', '2026-07-04 13:04:05'),
('OD20260704-017', 'dine-in', 'A2', 'paid', 5, 136, 0, 136, 136, 'alipay', '2026-07-04 13:11:48', '', '2026-07-04 13:11:48', '2026-07-04 13:11:48'),
('OD20260704-018', 'takeout', NULL, 'paid', 3, 94, 0, 94, 94, 'cash', '2026-07-04 13:17:48', '', '2026-07-04 13:17:48', '2026-07-04 13:17:48'),
('OD20260704-019', 'quick', NULL, 'paid', 2, 40, 0, 40, 40, 'wechat', '2026-07-04 17:08:20', '', '2026-07-04 17:08:20', '2026-07-04 17:08:20'),
('OD20260704-020', 'dine-in', 'B1', 'paid', 2, 114, 0, 114, 114, 'aggregated', '2026-07-04 17:18:02', '', '2026-07-04 17:18:02', '2026-07-04 17:18:02'),
('OD20260704-021', 'dine-in', 'B2', 'paid', 2, 42, 0, 42, 42, 'aggregated', '2026-07-04 17:26:07', '', '2026-07-04 17:26:07', '2026-07-04 17:26:07'),
('OD20260704-022', 'dine-in', 'C1', 'paid', 2, 38, 0, 38, 38, 'wechat', '2026-07-04 17:38:40', '', '2026-07-04 17:38:40', '2026-07-04 17:38:40'),
('OD20260704-023', 'dine-in', 'A1', 'paid', 3, 106, 0, 106, 106, 'aggregated', '2026-07-04 17:51:28', '', '2026-07-04 17:51:28', '2026-07-04 17:51:28'),
('OD20260704-024', 'quick', NULL, 'paid', 2, 60, 0, 60, 60, 'aggregated', '2026-07-04 17:58:28', '', '2026-07-04 17:58:28', '2026-07-04 17:58:28'),
('OD20260704-025', 'takeout', NULL, 'paid', 2, 128, 0, 128, 128, 'alipay', '2026-07-04 18:10:55', '', '2026-07-04 18:10:55', '2026-07-04 18:10:55'),
('OD20260704-026', 'dine-in', 'A2', 'paid', 2, 108, 0, 108, 108, 'alipay', '2026-07-04 18:20:15', '', '2026-07-04 18:20:15', '2026-07-04 18:20:15'),
('OD20260704-027', 'takeout', NULL, 'paid', 3, 76, 10, 66, 66, 'cash', '2026-07-04 18:32:12', '', '2026-07-04 18:32:12', '2026-07-04 18:32:12'),
('OD20260704-028', 'dine-in', 'B1', 'paid', 5, 140, 15, 125, 125, 'aggregated', '2026-07-04 18:44:14', '', '2026-07-04 18:44:14', '2026-07-04 18:44:14'),
('OD20260704-029', 'dine-in', 'B2', 'paid', 4, 116, 0, 116, 116, 'cash', '2026-07-04 18:54:38', '', '2026-07-04 18:54:38', '2026-07-04 18:54:38'),
('OD20260704-030', 'takeout', NULL, 'paid', 2, 54, 0, 54, 54, 'alipay', '2026-07-04 19:04:44', '', '2026-07-04 19:04:44', '2026-07-04 19:04:44'),
('OD20260704-031', 'quick', NULL, 'paid', 2, 96, 0, 96, 96, 'alipay', '2026-07-04 19:17:13', '', '2026-07-04 19:17:13', '2026-07-04 19:17:13'),
('OD20260704-032', 'dine-in', 'A1', 'dining', 4, 162, 0, 162, 0, NULL, NULL, '', '2026-07-04 19:19:23', '2026-07-04 19:19:23'),
('OD20260705-001', 'dine-in', 'A1', 'paid', 3, 100, 0, 100, 100, 'cash', '2026-07-05 11:06:46', '', '2026-07-05 11:06:46', '2026-07-05 11:06:46'),
('OD20260705-002', 'quick', NULL, 'paid', 2, 72, 0, 72, 72, 'wechat', '2026-07-05 11:16:37', '', '2026-07-05 11:16:37', '2026-07-05 11:16:37'),
('OD20260705-003', 'takeout', NULL, 'paid', 2, 36, 0, 36, 36, 'cash', '2026-07-05 11:23:17', '', '2026-07-05 11:23:17', '2026-07-05 11:23:17'),
('OD20260705-004', 'dine-in', 'A2', 'paid', 5, 180, 0, 180, 180, 'wechat', '2026-07-05 11:32:25', '', '2026-07-05 11:32:25', '2026-07-05 11:32:25'),
('OD20260705-005', 'dine-in', 'B1', 'paid', 2, 48, 10, 38, 38, 'wechat', '2026-07-05 11:42:56', '', '2026-07-05 11:42:56', '2026-07-05 11:42:56'),
('OD20260705-006', 'dine-in', 'B2', 'paid', 2, 100, 0, 100, 100, 'alipay', '2026-07-05 11:51:23', '', '2026-07-05 11:51:23', '2026-07-05 11:51:23'),
('OD20260705-007', 'quick', NULL, 'paid', 1, 28, 10, 18, 18, 'wechat', '2026-07-05 11:59:37', '', '2026-07-05 11:59:37', '2026-07-05 11:59:37'),
('OD20260705-008', 'dine-in', 'C1', 'paid', 5, 158, 0, 158, 158, 'alipay', '2026-07-05 12:06:31', '', '2026-07-05 12:06:31', '2026-07-05 12:06:31'),
('OD20260705-009', 'quick', NULL, 'paid', 2, 68, 0, 68, 68, 'alipay', '2026-07-05 12:17:18', '', '2026-07-05 12:17:18', '2026-07-05 12:17:18'),
('OD20260705-010', 'dine-in', 'A1', 'paid', 3, 84, 0, 84, 84, 'wechat', '2026-07-05 12:25:35', '', '2026-07-05 12:25:35', '2026-07-05 12:25:35'),
('OD20260705-011', 'dine-in', 'A2', 'paid', 4, 104, 15, 89, 89, 'wechat', '2026-07-05 12:34:03', '', '2026-07-05 12:34:03', '2026-07-05 12:34:03'),
('OD20260705-012', 'takeout', NULL, 'paid', 2, 48, 0, 48, 48, 'alipay', '2026-07-05 12:44:41', '', '2026-07-05 12:44:41', '2026-07-05 12:44:41'),
('OD20260705-013', 'takeout', NULL, 'paid', 3, 68, 0, 68, 68, 'alipay', '2026-07-05 12:53:15', '', '2026-07-05 12:53:15', '2026-07-05 12:53:15'),
('OD20260705-014', 'dine-in', 'B1', 'paid', 3, 96, 0, 96, 96, 'cash', '2026-07-05 13:01:51', '', '2026-07-05 13:01:51', '2026-07-05 13:01:51'),
('OD20260705-015', 'takeout', NULL, 'paid', 4, 136, 0, 136, 136, 'wechat', '2026-07-05 13:09:11', '', '2026-07-05 13:09:11', '2026-07-05 13:09:11'),
('OD20260705-016', 'dine-in', 'B2', 'paid', 2, 124, 0, 124, 124, 'alipay', '2026-07-05 13:18:09', '', '2026-07-05 13:18:09', '2026-07-05 13:18:09'),
('OD20260705-017', 'dine-in', 'C1', 'paid', 2, 26, 0, 26, 26, 'cash', '2026-07-05 17:08:26', '', '2026-07-05 17:08:26', '2026-07-05 17:08:26'),
('OD20260705-018', 'takeout', NULL, 'paid', 3, 60, 0, 60, 60, 'wechat', '2026-07-05 17:17:23', '', '2026-07-05 17:17:23', '2026-07-05 17:17:23'),
('OD20260705-019', 'quick', NULL, 'paid', 2, 72, 0, 72, 72, 'alipay', '2026-07-05 17:32:26', '', '2026-07-05 17:32:26', '2026-07-05 17:32:26'),
('OD20260705-020', 'dine-in', 'A1', 'paid', 3, 84, 0, 84, 84, 'alipay', '2026-07-05 17:45:23', '', '2026-07-05 17:45:23', '2026-07-05 17:45:23'),
('OD20260705-021', 'quick', NULL, 'paid', 2, 62, 0, 62, 62, 'wechat', '2026-07-05 17:57:30', '', '2026-07-05 17:57:30', '2026-07-05 17:57:30'),
('OD20260705-022', 'dine-in', 'A2', 'paid', 3, 122, 0, 122, 122, 'cash', '2026-07-05 18:09:39', '', '2026-07-05 18:09:39', '2026-07-05 18:09:39'),
('OD20260705-023', 'quick', NULL, 'paid', 2, 72, 0, 72, 72, 'wechat', '2026-07-05 18:24:22', '', '2026-07-05 18:24:22', '2026-07-05 18:24:22'),
('OD20260705-024', 'dine-in', 'B1', 'paid', 3, 98, 0, 98, 98, 'wechat', '2026-07-05 18:36:40', '', '2026-07-05 18:36:40', '2026-07-05 18:36:40'),
('OD20260705-025', 'dine-in', 'B2', 'paid', 3, 54, 0, 54, 54, 'wechat', '2026-07-05 18:46:24', '', '2026-07-05 18:46:24', '2026-07-05 18:46:24'),
('OD20260705-026', 'dine-in', 'C1', 'paid', 5, 146, 0, 146, 146, 'aggregated', '2026-07-05 19:01:39', '', '2026-07-05 19:01:39', '2026-07-05 19:01:39'),
('OD20260705-027', 'dine-in', 'A1', 'paid', 3, 110, 0, 110, 110, 'cash', '2026-07-05 19:12:08', '', '2026-07-05 19:12:08', '2026-07-05 19:12:08'),
('OD20260705-028', 'dine-in', 'A1', 'dining', 2, 50, 0, 50, 0, NULL, NULL, '', '2026-07-05 19:26:27', '2026-07-05 19:26:27'),
('OD20260706-001', 'quick', NULL, 'paid', 1, 8, 0, 8, 8, 'cash', '2026-07-06 11:06:10', '', '2026-07-06 11:06:10', '2026-07-06 11:06:10'),
('OD20260706-002', 'dine-in', 'A1', 'paid', 2, 64, 0, 64, 64, 'aggregated', '2026-07-06 11:21:20', '', '2026-07-06 11:21:20', '2026-07-06 11:21:20'),
('OD20260706-003', 'dine-in', 'A2', 'paid', 5, 152, 0, 152, 152, 'alipay', '2026-07-06 11:38:48', '', '2026-07-06 11:38:48', '2026-07-06 11:38:48'),
('OD20260706-004', 'quick', NULL, 'paid', 1, 18, 0, 18, 18, 'alipay', '2026-07-06 11:51:44', '', '2026-07-06 11:51:44', '2026-07-06 11:51:44'),
('OD20260706-005', 'takeout', NULL, 'paid', 2, 88, 15, 73, 73, 'wechat', '2026-07-06 12:10:11', '', '2026-07-06 12:10:11', '2026-07-06 12:10:11'),
('OD20260706-006', 'quick', NULL, 'paid', 1, 8, 0, 8, 8, 'aggregated', '2026-07-06 12:23:01', '', '2026-07-06 12:23:01', '2026-07-06 12:23:01'),
('OD20260706-007', 'takeout', NULL, 'paid', 4, 196, 0, 196, 196, 'alipay', '2026-07-06 12:39:53', '', '2026-07-06 12:39:53', '2026-07-06 12:39:53'),
('OD20260706-008', 'dine-in', 'B1', 'paid', 5, 164, 0, 164, 164, 'aggregated', '2026-07-06 12:56:52', '', '2026-07-06 12:56:52', '2026-07-06 12:56:52'),
('OD20260706-009', 'dine-in', 'B2', 'paid', 2, 96, 0, 96, 96, 'wechat', '2026-07-06 13:11:22', '', '2026-07-06 13:11:22', '2026-07-06 13:11:22'),
('OD20260706-010', 'quick', NULL, 'paid', 2, 60, 0, 60, 60, 'wechat', '2026-07-06 17:07:41', '', '2026-07-06 17:07:41', '2026-07-06 17:07:41'),
('OD20260706-011', 'quick', NULL, 'paid', 2, 34, 0, 34, 34, 'alipay', '2026-07-06 17:28:31', '', '2026-07-06 17:28:31', '2026-07-06 17:28:31'),
('OD20260706-012', 'takeout', NULL, 'paid', 4, 106, 0, 106, 106, 'cash', '2026-07-06 17:52:25', '', '2026-07-06 17:52:25', '2026-07-06 17:52:25'),
('OD20260706-013', 'takeout', NULL, 'paid', 2, 80, 0, 80, 80, 'aggregated', '2026-07-06 18:18:46', '', '2026-07-06 18:18:46', '2026-07-06 18:18:46'),
('OD20260706-014', 'quick', NULL, 'paid', 1, 44, 0, 44, 44, 'aggregated', '2026-07-06 18:40:03', '', '2026-07-06 18:40:03', '2026-07-06 18:40:03'),
('OD20260706-015', 'quick', NULL, 'paid', 1, 22, 0, 22, 22, 'aggregated', '2026-07-06 19:03:29', '', '2026-07-06 19:03:29', '2026-07-06 19:03:29'),
('OD20260706-016', 'dine-in', 'A2', 'dining', 4, 158, 0, 158, 0, NULL, NULL, '', '2026-07-06 19:30:53', '2026-07-06 19:30:53'),
('OD20260707-001', 'dine-in', 'A1', 'paid', 2, 78, 0, 78, 78, 'cash', '2026-07-07 11:06:22', '', '2026-07-07 11:06:22', '2026-07-07 11:06:22'),
('OD20260707-002', 'dine-in', 'A2', 'paid', 4, 160, 15, 145, 145, 'alipay', '2026-07-07 11:22:08', '', '2026-07-07 11:22:08', '2026-07-07 11:22:08'),
('OD20260707-003', 'takeout', NULL, 'paid', 3, 88, 0, 88, 88, 'cash', '2026-07-07 11:33:20', '', '2026-07-07 11:33:20', '2026-07-07 11:33:20'),
('OD20260707-004', 'takeout', NULL, 'paid', 4, 124, 0, 124, 124, 'cash', '2026-07-07 11:48:31', '', '2026-07-07 11:48:31', '2026-07-07 11:48:31'),
('OD20260707-005', 'takeout', NULL, 'paid', 3, 220, 0, 220, 220, 'wechat', '2026-07-07 12:01:35', '', '2026-07-07 12:01:35', '2026-07-07 12:01:35'),
('OD20260707-006', 'quick', NULL, 'paid', 1, 38, 0, 38, 38, 'cash', '2026-07-07 12:18:11', '', '2026-07-07 12:18:11', '2026-07-07 12:18:11'),
('OD20260707-007', 'takeout', NULL, 'paid', 3, 114, 0, 114, 114, 'alipay', '2026-07-07 12:31:19', '', '2026-07-07 12:31:19', '2026-07-07 12:31:19'),
('OD20260707-008', 'takeout', NULL, 'paid', 3, 64, 0, 64, 64, 'aggregated', '2026-07-07 12:46:52', '', '2026-07-07 12:46:52', '2026-07-07 12:46:52'),
('OD20260707-009', 'dine-in', 'B1', 'paid', 3, 110, 0, 110, 110, 'wechat', '2026-07-07 13:00:09', '', '2026-07-07 13:00:09', '2026-07-07 13:00:09'),
('OD20260707-010', 'dine-in', 'B2', 'paid', 2, 34, 0, 34, 34, 'cash', '2026-07-07 13:11:50', '', '2026-07-07 13:11:50', '2026-07-07 13:11:50'),
('OD20260707-011', 'dine-in', 'C1', 'paid', 4, 110, 0, 110, 110, 'cash', '2026-07-07 17:08:26', '', '2026-07-07 17:08:26', '2026-07-07 17:08:26'),
('OD20260707-012', 'takeout', NULL, 'paid', 2, 66, 0, 66, 66, 'cash', '2026-07-07 17:27:06', '', '2026-07-07 17:27:06', '2026-07-07 17:27:06'),
('OD20260707-013', 'dine-in', 'A1', 'paid', 2, 60, 0, 60, 60, 'aggregated', '2026-07-07 17:48:52', '', '2026-07-07 17:48:52', '2026-07-07 17:48:52'),
('OD20260707-014', 'takeout', NULL, 'paid', 2, 78, 0, 78, 78, 'cash', '2026-07-07 18:08:28', '', '2026-07-07 18:08:28', '2026-07-07 18:08:28'),
('OD20260707-015', 'takeout', NULL, 'paid', 2, 84, 0, 84, 84, 'cash', '2026-07-07 18:28:28', '', '2026-07-07 18:28:28', '2026-07-07 18:28:28'),
('OD20260707-016', 'takeout', NULL, 'paid', 2, 66, 0, 66, 66, 'alipay', '2026-07-07 18:45:56', '', '2026-07-07 18:45:56', '2026-07-07 18:45:56'),
('OD20260707-017', 'dine-in', 'A2', 'paid', 2, 100, 0, 100, 100, 'alipay', '2026-07-07 19:07:35', '', '2026-07-07 19:07:35', '2026-07-07 19:07:35'),
('OD20260707-018', 'dine-in', 'A1', 'dining', 4, 146, 0, 146, 0, NULL, NULL, '', '2026-07-07 19:16:14', '2026-07-07 19:16:14'),
('OD20260708-001', 'quick', NULL, 'paid', 1, 76, 0, 76, 76, 'wechat', '2026-07-08 11:05:34', '', '2026-07-08 11:05:34', '2026-07-08 11:05:34'),
('OD20260708-002', 'takeout', NULL, 'paid', 4, 126, 0, 126, 126, 'cash', '2026-07-08 11:18:32', '', '2026-07-08 11:18:32', '2026-07-08 11:18:32'),
('OD20260708-003', 'quick', NULL, 'paid', 1, 18, 0, 18, 18, 'alipay', '2026-07-08 11:27:48', '', '2026-07-08 11:27:48', '2026-07-08 11:27:48'),
('OD20260708-004', 'quick', NULL, 'paid', 2, 52, 5, 47, 47, 'aggregated', '2026-07-08 11:38:36', '', '2026-07-08 11:38:36', '2026-07-08 11:38:36'),
('OD20260708-005', 'quick', NULL, 'paid', 2, 108, 0, 108, 108, 'aggregated', '2026-07-08 11:47:27', '', '2026-07-08 11:47:27', '2026-07-08 11:47:27'),
('OD20260708-006', 'dine-in', 'A1', 'paid', 4, 104, 0, 104, 104, 'wechat', '2026-07-08 11:55:24', '', '2026-07-08 11:55:24', '2026-07-08 11:55:24'),
('OD20260708-007', 'dine-in', 'A2', 'paid', 2, 30, 0, 30, 30, 'alipay', '2026-07-08 12:08:44', '', '2026-07-08 12:08:44', '2026-07-08 12:08:44'),
('OD20260708-008', 'takeout', NULL, 'paid', 4, 144, 0, 144, 144, 'cash', '2026-07-08 12:18:30', '', '2026-07-08 12:18:30', '2026-07-08 12:18:30'),
('OD20260708-009', 'quick', NULL, 'paid', 1, 44, 0, 44, 44, 'wechat', '2026-07-08 12:27:51', '', '2026-07-08 12:27:51', '2026-07-08 12:27:51'),
('OD20260708-010', 'quick', NULL, 'paid', 2, 64, 0, 64, 64, 'wechat', '2026-07-08 12:38:11', '', '2026-07-08 12:38:11', '2026-07-08 12:38:11'),
('OD20260708-011', 'quick', NULL, 'paid', 2, 54, 0, 54, 54, 'aggregated', '2026-07-08 12:47:56', '', '2026-07-08 12:47:56', '2026-07-08 12:47:56'),
('OD20260708-012', 'quick', NULL, 'paid', 2, 70, 0, 70, 70, 'aggregated', '2026-07-08 12:55:31', '', '2026-07-08 12:55:31', '2026-07-08 12:55:31'),
('OD20260708-013', 'takeout', NULL, 'paid', 2, 64, 0, 64, 64, 'wechat', '2026-07-08 13:08:59', '', '2026-07-08 13:08:59', '2026-07-08 13:08:59'),
('OD20260708-014', 'quick', NULL, 'paid', 2, 62, 0, 62, 62, 'wechat', '2026-07-08 13:16:40', '', '2026-07-08 13:16:40', '2026-07-08 13:16:40'),
('OD20260708-015', 'dine-in', 'B1', 'paid', 2, 108, 0, 108, 108, 'alipay', '2026-07-08 17:07:14', '', '2026-07-08 17:07:14', '2026-07-08 17:07:14'),
('OD20260708-016', 'takeout', NULL, 'paid', 3, 108, 15, 93, 93, 'wechat', '2026-07-08 17:22:41', '', '2026-07-08 17:22:41', '2026-07-08 17:22:41'),
('OD20260708-017', 'takeout', NULL, 'paid', 2, 40, 0, 40, 40, 'cash', '2026-07-08 17:35:35', '', '2026-07-08 17:35:35', '2026-07-08 17:35:35'),
('OD20260708-018', 'takeout', NULL, 'paid', 4, 108, 0, 108, 108, 'wechat', '2026-07-08 17:48:27', '', '2026-07-08 17:48:27', '2026-07-08 17:48:27'),
('OD20260708-019', 'dine-in', 'B2', 'paid', 2, 128, 0, 128, 128, 'wechat', '2026-07-08 18:02:45', '', '2026-07-08 18:02:45', '2026-07-08 18:02:45'),
('OD20260708-020', 'takeout', NULL, 'paid', 3, 114, 0, 114, 114, 'cash', '2026-07-08 18:15:13', '', '2026-07-08 18:15:13', '2026-07-08 18:15:13'),
('OD20260708-021', 'dine-in', 'C1', 'paid', 3, 118, 0, 118, 118, 'wechat', '2026-07-08 18:32:22', '', '2026-07-08 18:32:22', '2026-07-08 18:32:22'),
('OD20260708-022', 'takeout', NULL, 'paid', 2, 34, 10, 24, 24, 'wechat', '2026-07-08 18:44:00', '', '2026-07-08 18:44:00', '2026-07-08 18:44:00'),
('OD20260708-023', 'quick', NULL, 'paid', 2, 80, 0, 80, 80, 'cash', '2026-07-08 18:58:33', '', '2026-07-08 18:58:33', '2026-07-08 18:58:33'),
('OD20260708-024', 'takeout', NULL, 'paid', 4, 130, 0, 130, 130, 'aggregated', '2026-07-08 19:13:37', '', '2026-07-08 19:13:37', '2026-07-08 19:13:37'),
('OD20260708-025', 'dine-in', 'A2', 'dining', 3, 172, 0, 172, 0, NULL, NULL, '', '2026-07-08 19:23:03', '2026-07-08 19:23:03'),
('OD20260709-001', 'takeout', NULL, 'paid', 3, 60, 5, 55, 55, 'wechat', '2026-07-09 11:07:55', '', '2026-07-09 11:07:55', '2026-07-09 11:07:55'),
('OD20260709-002', 'quick', NULL, 'paid', 1, 38, 0, 38, 38, 'alipay', '2026-07-09 11:14:10', '', '2026-07-09 11:14:10', '2026-07-09 11:14:10'),
('OD20260709-003', 'takeout', NULL, 'paid', 3, 88, 0, 88, 88, 'cash', '2026-07-09 11:24:05', '', '2026-07-09 11:24:05', '2026-07-09 11:24:05'),
('OD20260709-004', 'takeout', NULL, 'paid', 2, 54, 0, 54, 54, 'wechat', '2026-07-09 11:31:35', '', '2026-07-09 11:31:35', '2026-07-09 11:31:35'),
('OD20260709-005', 'dine-in', 'A1', 'paid', 2, 90, 0, 90, 90, 'aggregated', '2026-07-09 11:42:35', '', '2026-07-09 11:42:35', '2026-07-09 11:42:35'),
('OD20260709-006', 'quick', NULL, 'paid', 1, 64, 0, 64, 64, 'alipay', '2026-07-09 11:49:00', '', '2026-07-09 11:49:00', '2026-07-09 11:49:00'),
('OD20260709-007', 'takeout', NULL, 'paid', 2, 90, 0, 90, 90, 'wechat', '2026-07-09 11:59:50', '', '2026-07-09 11:59:50', '2026-07-09 11:59:50'),
('OD20260709-008', 'takeout', NULL, 'paid', 3, 86, 0, 86, 86, 'alipay', '2026-07-09 12:07:40', '', '2026-07-09 12:07:40', '2026-07-09 12:07:40'),
('OD20260709-009', 'quick', NULL, 'paid', 2, 54, 0, 54, 54, 'alipay', '2026-07-09 12:17:38', '', '2026-07-09 12:17:38', '2026-07-09 12:17:38'),
('OD20260709-010', 'dine-in', 'A2', 'paid', 3, 80, 0, 80, 80, 'wechat', '2026-07-09 12:23:25', '', '2026-07-09 12:23:25', '2026-07-09 12:23:25'),
('OD20260709-011', 'takeout', NULL, 'paid', 4, 130, 10, 120, 120, 'wechat', '2026-07-09 12:34:36', '', '2026-07-09 12:34:36', '2026-07-09 12:34:36'),
('OD20260709-012', 'quick', NULL, 'paid', 2, 50, 0, 50, 50, 'wechat', '2026-07-09 12:43:09', '', '2026-07-09 12:43:09', '2026-07-09 12:43:09'),
('OD20260709-013', 'takeout', NULL, 'paid', 4, 136, 0, 136, 136, 'alipay', '2026-07-09 12:52:53', '', '2026-07-09 12:52:53', '2026-07-09 12:52:53'),
('OD20260709-014', 'takeout', NULL, 'paid', 4, 144, 0, 144, 144, 'cash', '2026-07-09 12:59:14', '', '2026-07-09 12:59:14', '2026-07-09 12:59:14'),
('OD20260709-015', 'quick', NULL, 'paid', 2, 72, 0, 72, 72, 'cash', '2026-07-09 13:08:13', '', '2026-07-09 13:08:13', '2026-07-09 13:08:13'),
('OD20260709-016', 'takeout', NULL, 'paid', 3, 164, 0, 164, 164, 'cash', '2026-07-09 13:18:04', '', '2026-07-09 13:18:04', '2026-07-09 13:18:04'),
('OD20260709-017', 'takeout', NULL, 'paid', 3, 76, 0, 76, 76, 'alipay', '2026-07-09 17:06:55', '', '2026-07-09 17:06:55', '2026-07-09 17:06:55'),
('OD20260709-018', 'takeout', NULL, 'paid', 3, 164, 0, 164, 164, 'alipay', '2026-07-09 17:19:58', '', '2026-07-09 17:19:58', '2026-07-09 17:19:58'),
('OD20260709-019', 'quick', NULL, 'paid', 2, 32, 0, 32, 32, 'wechat', '2026-07-09 17:29:52', '', '2026-07-09 17:29:52', '2026-07-09 17:29:52'),
('OD20260709-020', 'dine-in', 'B1', 'paid', 3, 96, 0, 96, 96, 'aggregated', '2026-07-09 17:41:32', '', '2026-07-09 17:41:32', '2026-07-09 17:41:32'),
('OD20260709-021', 'quick', NULL, 'paid', 2, 26, 0, 26, 26, 'wechat', '2026-07-09 17:52:19', '', '2026-07-09 17:52:19', '2026-07-09 17:52:19'),
('OD20260709-022', 'takeout', NULL, 'paid', 4, 96, 0, 96, 96, 'wechat', '2026-07-09 18:06:40', '', '2026-07-09 18:06:40', '2026-07-09 18:06:40'),
('OD20260709-023', 'dine-in', 'B2', 'paid', 3, 72, 0, 72, 72, 'wechat', '2026-07-09 18:15:23', '', '2026-07-09 18:15:23', '2026-07-09 18:15:23'),
('OD20260709-024', 'dine-in', 'C1', 'paid', 2, 34, 0, 34, 34, 'alipay', '2026-07-09 18:28:27', '', '2026-07-09 18:28:27', '2026-07-09 18:28:27'),
('OD20260709-025', 'quick', NULL, 'paid', 1, 32, 0, 32, 32, 'wechat', '2026-07-09 18:40:36', '', '2026-07-09 18:40:36', '2026-07-09 18:40:36'),
('OD20260709-026', 'takeout', NULL, 'paid', 3, 138, 10, 128, 128, 'aggregated', '2026-07-09 18:51:07', '', '2026-07-09 18:51:07', '2026-07-09 18:51:07'),
('OD20260709-027', 'dine-in', 'A1', 'paid', 3, 84, 0, 84, 84, 'wechat', '2026-07-09 19:02:01', '', '2026-07-09 19:02:01', '2026-07-09 19:02:01'),
('OD20260709-028', 'quick', NULL, 'paid', 1, 76, 0, 76, 76, 'wechat', '2026-07-09 19:13:08', '', '2026-07-09 19:13:08', '2026-07-09 19:13:08'),
('OD20260709-029', 'dine-in', 'A1', 'dining', 3, 118, 0, 118, 0, NULL, NULL, '', '2026-07-09 19:20:24', '2026-07-09 19:20:24'),
('OD20260709-030', 'dine-in', 'A2', 'dining', 4, 126, 0, 126, 0, NULL, NULL, '', '2026-07-09 19:20:54', '2026-07-09 19:20:54');

INSERT INTO order_items (order_id, dish_id, dish_name, unit_price, quantity, discount, amount, status, note) VALUES
(1, 5, '酸辣土豆丝', 18, 1, 0, 18, 'served', ''),
(1, 16, '蒜蓉虾', 58, 1, 0, 58, 'served', ''),
(1, 8, '鸡肉饭', 24, 2, 0, 48, 'served', ''),
(1, 10, '豆浆', 6, 1, 0, 6, 'served', ''),
(2, 14, '宫保鸡丁', 32, 2, 0, 64, 'served', ''),
(2, 18, '香菇青菜', 22, 2, 0, 44, 'served', ''),
(3, 8, '鸡肉饭', 24, 1, 0, 24, 'served', ''),
(3, 19, '酸辣汤', 12, 1, 0, 12, 'served', ''),
(3, 4, '炒青菜', 16, 1, 0, 16, 'served', ''),
(4, 4, '炒青菜', 16, 2, 0, 32, 'served', ''),
(4, 7, '牛肉面', 26, 2, 0, 52, 'served', ''),
(4, 6, '蛋炒饭', 18, 1, 0, 18, 'served', ''),
(4, 20, '凉拌海带丝', 14, 1, 0, 14, 'served', ''),
(5, 18, '香菇青菜', 22, 1, 0, 22, 'served', ''),
(5, 3, '红烧肉', 38, 2, 0, 76, 'served', ''),
(6, 11, '回锅肉', 32, 1, 0, 32, 'served', ''),
(6, 8, '鸡肉饭', 24, 1, 0, 24, 'served', ''),
(7, 7, '牛肉面', 26, 1, 0, 26, 'served', ''),
(7, 13, '鱼香肉丝', 30, 1, 0, 30, 'served', ''),
(7, 12, '麻婆豆腐', 24, 1, 0, 24, 'served', ''),
(7, 17, '炒木耳', 20, 2, 0, 40, 'served', ''),
(8, 19, '酸辣汤', 12, 1, 0, 12, 'served', ''),
(8, 11, '回锅肉', 32, 1, 0, 32, 'served', ''),
(8, 1, '青椒肉丝', 28, 1, 0, 28, 'served', ''),
(8, 4, '炒青菜', 16, 2, 0, 32, 'served', ''),
(9, 2, '番茄炒蛋', 22, 2, 0, 44, 'served', ''),
(9, 12, '麻婆豆腐', 24, 2, 0, 48, 'served', ''),
(9, 19, '酸辣汤', 12, 1, 0, 12, 'served', ''),
(9, 9, '酸梅汤', 8, 2, 0, 16, 'served', ''),
(10, 2, '番茄炒蛋', 22, 1, 0, 22, 'served', ''),
(10, 1, '青椒肉丝', 28, 1, 0, 28, 'served', ''),
(10, 6, '蛋炒饭', 18, 1, 0, 18, 'served', ''),
(11, 1, '青椒肉丝', 28, 1, 0, 28, 'served', ''),
(11, 9, '酸梅汤', 8, 1, 0, 8, 'served', ''),
(11, 19, '酸辣汤', 12, 2, 0, 24, 'served', ''),
(12, 3, '红烧肉', 38, 1, 0, 38, 'served', ''),
(12, 14, '宫保鸡丁', 32, 2, 0, 64, 'served', ''),
(13, 17, '炒木耳', 20, 2, 0, 40, 'served', ''),
(13, 20, '凉拌海带丝', 14, 2, 0, 28, 'served', ''),
(13, 16, '蒜蓉虾', 58, 2, 0, 116, 'served', ''),
(13, 11, '回锅肉', 32, 1, 0, 32, 'served', ''),
(13, 6, '蛋炒饭', 18, 2, 0, 36, 'served', ''),
(14, 16, '蒜蓉虾', 58, 1, 0, 58, 'served', ''),
(14, 8, '鸡肉饭', 24, 2, 0, 48, 'served', ''),
(15, 2, '番茄炒蛋', 22, 1, 0, 22, 'served', ''),
(15, 18, '香菇青菜', 22, 2, 0, 44, 'served', ''),
(16, 6, '蛋炒饭', 18, 1, 0, 18, 'served', ''),
(16, 9, '酸梅汤', 8, 2, 0, 16, 'served', ''),
(17, 17, '炒木耳', 20, 2, 0, 40, 'served', ''),
(18, 3, '红烧肉', 38, 1, 0, 38, 'served', ''),
(18, 7, '牛肉面', 26, 1, 0, 26, 'served', ''),
(18, 8, '鸡肉饭', 24, 1, 0, 24, 'served', ''),
(19, 7, '牛肉面', 26, 1, 0, 26, 'served', ''),
(19, 12, '麻婆豆腐', 24, 2, 0, 48, 'served', ''),
(19, 14, '宫保鸡丁', 32, 2, 0, 64, 'served', ''),
(19, 9, '酸梅汤', 8, 2, 0, 16, 'served', ''),
(20, 7, '牛肉面', 26, 2, 0, 52, 'served', ''),
(21, 8, '鸡肉饭', 24, 1, 0, 24, 'served', ''),
(21, 4, '炒青菜', 16, 2, 0, 32, 'served', ''),
(22, 7, '牛肉面', 26, 2, 0, 52, 'ordered', ''),
(22, 2, '番茄炒蛋', 22, 1, 0, 22, 'ordered', ''),
(23, 6, '蛋炒饭', 18, 1, 0, 18, 'served', ''),
(23, 10, '豆浆', 6, 1, 0, 6, 'served', ''),
(23, 5, '酸辣土豆丝', 18, 1, 0, 18, 'served', ''),
(23, 9, '酸梅汤', 8, 1, 0, 8, 'served', ''),
(23, 7, '牛肉面', 26, 2, 0, 52, 'served', ''),
(24, 1, '青椒肉丝', 28, 1, 0, 28, 'served', ''),
(24, 3, '红烧肉', 38, 1, 0, 38, 'served', ''),
(24, 19, '酸辣汤', 12, 1, 0, 12, 'served', ''),
(25, 14, '宫保鸡丁', 32, 2, 0, 64, 'served', ''),
(25, 2, '番茄炒蛋', 22, 1, 0, 22, 'served', ''),
(25, 6, '蛋炒饭', 18, 2, 0, 36, 'served', ''),
(25, 3, '红烧肉', 38, 1, 0, 38, 'served', ''),
(26, 4, '炒青菜', 16, 2, 0, 32, 'served', ''),
(26, 9, '酸梅汤', 8, 2, 0, 16, 'served', ''),
(26, 1, '青椒肉丝', 28, 2, 0, 56, 'served', ''),
(26, 13, '鱼香肉丝', 30, 2, 0, 60, 'served', ''),
(27, 11, '回锅肉', 32, 2, 0, 64, 'served', ''),
(27, 4, '炒青菜', 16, 1, 0, 16, 'served', ''),
(28, 18, '香菇青菜', 22, 1, 0, 22, 'served', ''),
(28, 14, '宫保鸡丁', 32, 1, 0, 32, 'served', ''),
(28, 4, '炒青菜', 16, 1, 0, 16, 'served', ''),
(29, 3, '红烧肉', 38, 2, 0, 76, 'served', ''),
(29, 11, '回锅肉', 32, 2, 0, 64, 'served', ''),
(29, 14, '宫保鸡丁', 32, 2, 0, 64, 'served', ''),
(30, 1, '青椒肉丝', 28, 1, 0, 28, 'served', ''),
(30, 2, '番茄炒蛋', 22, 2, 0, 44, 'served', ''),
(30, 3, '红烧肉', 38, 1, 0, 38, 'served', ''),
(31, 9, '酸梅汤', 8, 2, 0, 16, 'served', ''),
(31, 17, '炒木耳', 20, 2, 0, 40, 'served', ''),
(31, 5, '酸辣土豆丝', 18, 1, 0, 18, 'served', ''),
(32, 12, '麻婆豆腐', 24, 1, 0, 24, 'served', ''),
(32, 8, '鸡肉饭', 24, 2, 0, 48, 'served', ''),
(32, 1, '青椒肉丝', 28, 1, 0, 28, 'served', ''),
(32, 5, '酸辣土豆丝', 18, 1, 0, 18, 'served', ''),
(33, 11, '回锅肉', 32, 1, 0, 32, 'served', ''),
(34, 19, '酸辣汤', 12, 1, 0, 12, 'served', ''),
(34, 4, '炒青菜', 16, 2, 0, 32, 'served', ''),
(35, 8, '鸡肉饭', 24, 1, 0, 24, 'served', ''),
(36, 9, '酸梅汤', 8, 2, 0, 16, 'served', ''),
(37, 2, '番茄炒蛋', 22, 1, 0, 22, 'served', ''),
(37, 11, '回锅肉', 32, 1, 0, 32, 'served', ''),
(38, 1, '青椒肉丝', 28, 2, 0, 56, 'served', ''),
(38, 4, '炒青菜', 16, 1, 0, 16, 'served', ''),
(39, 19, '酸辣汤', 12, 2, 0, 24, 'served', ''),
(39, 18, '香菇青菜', 22, 2, 0, 44, 'served', ''),
(39, 9, '酸梅汤', 8, 2, 0, 16, 'served', ''),
(39, 8, '鸡肉饭', 24, 1, 0, 24, 'served', ''),
(39, 20, '凉拌海带丝', 14, 2, 0, 28, 'served', ''),
(40, 1, '青椒肉丝', 28, 2, 0, 56, 'served', ''),
(40, 20, '凉拌海带丝', 14, 1, 0, 14, 'served', ''),
(40, 8, '鸡肉饭', 24, 1, 0, 24, 'served', ''),
(41, 6, '蛋炒饭', 18, 1, 0, 18, 'served', ''),
(41, 18, '香菇青菜', 22, 1, 0, 22, 'served', ''),
(42, 15, '清蒸鱼', 48, 2, 0, 96, 'served', ''),
(42, 6, '蛋炒饭', 18, 1, 0, 18, 'served', ''),
(43, 5, '酸辣土豆丝', 18, 1, 0, 18, 'served', ''),
(43, 19, '酸辣汤', 12, 2, 0, 24, 'served', ''),
(44, 7, '牛肉面', 26, 1, 0, 26, 'served', ''),
(44, 19, '酸辣汤', 12, 1, 0, 12, 'served', ''),
(45, 4, '炒青菜', 16, 2, 0, 32, 'served', ''),
(45, 1, '青椒肉丝', 28, 2, 0, 56, 'served', ''),
(45, 6, '蛋炒饭', 18, 1, 0, 18, 'served', ''),
(46, 5, '酸辣土豆丝', 18, 2, 0, 36, 'served', ''),
(46, 8, '鸡肉饭', 24, 1, 0, 24, 'served', ''),
(47, 7, '牛肉面', 26, 2, 0, 52, 'served', ''),
(47, 3, '红烧肉', 38, 2, 0, 76, 'served', ''),
(48, 11, '回锅肉', 32, 1, 0, 32, 'served', ''),
(48, 3, '红烧肉', 38, 2, 0, 76, 'served', ''),
(49, 3, '红烧肉', 38, 1, 0, 38, 'served', ''),
(49, 2, '番茄炒蛋', 22, 1, 0, 22, 'served', ''),
(49, 4, '炒青菜', 16, 1, 0, 16, 'served', ''),
(50, 17, '炒木耳', 20, 2, 0, 40, 'served', ''),
(50, 20, '凉拌海带丝', 14, 2, 0, 28, 'served', ''),
(50, 5, '酸辣土豆丝', 18, 1, 0, 18, 'served', ''),
(50, 15, '清蒸鱼', 48, 1, 0, 48, 'served', ''),
(50, 10, '豆浆', 6, 1, 0, 6, 'served', ''),
(51, 19, '酸辣汤', 12, 2, 0, 24, 'served', ''),
(51, 4, '炒青菜', 16, 2, 0, 32, 'served', ''),
(51, 8, '鸡肉饭', 24, 1, 0, 24, 'served', ''),
(51, 5, '酸辣土豆丝', 18, 2, 0, 36, 'served', ''),
(52, 6, '蛋炒饭', 18, 1, 0, 18, 'served', ''),
(52, 5, '酸辣土豆丝', 18, 2, 0, 36, 'served', ''),
(53, 7, '牛肉面', 26, 2, 0, 52, 'served', ''),
(53, 2, '番茄炒蛋', 22, 2, 0, 44, 'served', ''),
(54, 5, '酸辣土豆丝', 18, 1, 0, 18, 'ordered', ''),
(54, 18, '香菇青菜', 22, 2, 0, 44, 'ordered', ''),
(54, 11, '回锅肉', 32, 2, 0, 64, 'ordered', ''),
(54, 6, '蛋炒饭', 18, 2, 0, 36, 'ordered', ''),
(55, 20, '凉拌海带丝', 14, 2, 0, 28, 'served', ''),
(55, 15, '清蒸鱼', 48, 1, 0, 48, 'served', ''),
(55, 8, '鸡肉饭', 24, 1, 0, 24, 'served', ''),
(56, 9, '酸梅汤', 8, 1, 0, 8, 'served', ''),
(56, 14, '宫保鸡丁', 32, 2, 0, 64, 'served', ''),
(57, 10, '豆浆', 6, 2, 0, 12, 'served', ''),
(57, 19, '酸辣汤', 12, 2, 0, 24, 'served', ''),
(58, 5, '酸辣土豆丝', 18, 2, 0, 36, 'served', ''),
(58, 9, '酸梅汤', 8, 2, 0, 16, 'served', ''),
(58, 2, '番茄炒蛋', 22, 2, 0, 44, 'served', ''),
(58, 17, '炒木耳', 20, 2, 0, 40, 'served', ''),
(58, 18, '香菇青菜', 22, 2, 0, 44, 'served', ''),
(59, 1, '青椒肉丝', 28, 1, 0, 28, 'served', ''),
(59, 17, '炒木耳', 20, 1, 0, 20, 'served', ''),
(60, 5, '酸辣土豆丝', 18, 2, 0, 36, 'served', ''),
(60, 11, '回锅肉', 32, 2, 0, 64, 'served', ''),
(61, 20, '凉拌海带丝', 14, 2, 0, 28, 'served', ''),
(62, 8, '鸡肉饭', 24, 1, 0, 24, 'served', ''),
(62, 6, '蛋炒饭', 18, 1, 0, 18, 'served', ''),
(62, 5, '酸辣土豆丝', 18, 2, 0, 36, 'served', ''),
(62, 19, '酸辣汤', 12, 2, 0, 24, 'served', ''),
(62, 1, '青椒肉丝', 28, 2, 0, 56, 'served', ''),
(63, 4, '炒青菜', 16, 2, 0, 32, 'served', ''),
(63, 6, '蛋炒饭', 18, 2, 0, 36, 'served', ''),
(64, 2, '番茄炒蛋', 22, 2, 0, 44, 'served', ''),
(64, 4, '炒青菜', 16, 1, 0, 16, 'served', ''),
(64, 19, '酸辣汤', 12, 2, 0, 24, 'served', ''),
(65, 10, '豆浆', 6, 2, 0, 12, 'served', ''),
(65, 19, '酸辣汤', 12, 1, 0, 12, 'served', ''),
(65, 1, '青椒肉丝', 28, 2, 0, 56, 'served', ''),
(65, 8, '鸡肉饭', 24, 1, 0, 24, 'served', ''),
(66, 5, '酸辣土豆丝', 18, 1, 0, 18, 'served', ''),
(66, 13, '鱼香肉丝', 30, 1, 0, 30, 'served', ''),
(67, 4, '炒青菜', 16, 2, 0, 32, 'served', ''),
(67, 8, '鸡肉饭', 24, 1, 0, 24, 'served', ''),
(67, 19, '酸辣汤', 12, 1, 0, 12, 'served', ''),
(68, 2, '番茄炒蛋', 22, 2, 0, 44, 'served', ''),
(68, 17, '炒木耳', 20, 1, 0, 20, 'served', ''),
(68, 11, '回锅肉', 32, 1, 0, 32, 'served', ''),
(69, 17, '炒木耳', 20, 1, 0, 20, 'served', ''),
(69, 7, '牛肉面', 26, 2, 0, 52, 'served', ''),
(69, 8, '鸡肉饭', 24, 2, 0, 48, 'served', ''),
(69, 4, '炒青菜', 16, 1, 0, 16, 'served', ''),
(70, 12, '麻婆豆腐', 24, 2, 0, 48, 'served', ''),
(70, 3, '红烧肉', 38, 2, 0, 76, 'served', ''),
(71, 10, '豆浆', 6, 1, 0, 6, 'served', ''),
(71, 17, '炒木耳', 20, 1, 0, 20, 'served', ''),
(72, 5, '酸辣土豆丝', 18, 1, 0, 18, 'served', ''),
(72, 10, '豆浆', 6, 1, 0, 6, 'served', ''),
(72, 6, '蛋炒饭', 18, 2, 0, 36, 'served', ''),
(73, 1, '青椒肉丝', 28, 1, 0, 28, 'served', ''),
(73, 2, '番茄炒蛋', 22, 2, 0, 44, 'served', ''),
(74, 4, '炒青菜', 16, 1, 0, 16, 'served', ''),
(74, 11, '回锅肉', 32, 1, 0, 32, 'served', ''),
(74, 5, '酸辣土豆丝', 18, 2, 0, 36, 'served', ''),
(75, 5, '酸辣土豆丝', 18, 2, 0, 36, 'served', ''),
(75, 7, '牛肉面', 26, 1, 0, 26, 'served', ''),
(76, 1, '青椒肉丝', 28, 2, 0, 56, 'served', ''),
(76, 6, '蛋炒饭', 18, 1, 0, 18, 'served', ''),
(76, 12, '麻婆豆腐', 24, 2, 0, 48, 'served', ''),
(77, 9, '酸梅汤', 8, 1, 0, 8, 'served', ''),
(77, 14, '宫保鸡丁', 32, 2, 0, 64, 'served', ''),
(78, 8, '鸡肉饭', 24, 2, 0, 48, 'served', ''),
(78, 20, '凉拌海带丝', 14, 2, 0, 28, 'served', ''),
(78, 2, '番茄炒蛋', 22, 1, 0, 22, 'served', ''),
(79, 9, '酸梅汤', 8, 2, 0, 16, 'served', ''),
(79, 2, '番茄炒蛋', 22, 1, 0, 22, 'served', ''),
(79, 4, '炒青菜', 16, 1, 0, 16, 'served', ''),
(80, 18, '香菇青菜', 22, 1, 0, 22, 'served', ''),
(80, 9, '酸梅汤', 8, 1, 0, 8, 'served', ''),
(80, 11, '回锅肉', 32, 2, 0, 64, 'served', ''),
(80, 19, '酸辣汤', 12, 2, 0, 24, 'served', ''),
(80, 1, '青椒肉丝', 28, 1, 0, 28, 'served', ''),
(81, 8, '鸡肉饭', 24, 2, 0, 48, 'served', ''),
(81, 11, '回锅肉', 32, 1, 0, 32, 'served', ''),
(81, 13, '鱼香肉丝', 30, 1, 0, 30, 'served', ''),
(82, 7, '牛肉面', 26, 1, 0, 26, 'ordered', ''),
(82, 8, '鸡肉饭', 24, 1, 0, 24, 'ordered', ''),
(83, 9, '酸梅汤', 8, 1, 0, 8, 'served', ''),
(84, 7, '牛肉面', 26, 1, 0, 26, 'served', ''),
(84, 3, '红烧肉', 38, 1, 0, 38, 'served', ''),
(85, 4, '炒青菜', 16, 2, 0, 32, 'served', ''),
(85, 6, '蛋炒饭', 18, 1, 0, 18, 'served', ''),
(85, 11, '回锅肉', 32, 1, 0, 32, 'served', ''),
(85, 1, '青椒肉丝', 28, 2, 0, 56, 'served', ''),
(85, 20, '凉拌海带丝', 14, 1, 0, 14, 'served', ''),
(86, 5, '酸辣土豆丝', 18, 1, 0, 18, 'served', ''),
(87, 12, '麻婆豆腐', 24, 2, 0, 48, 'served', ''),
(87, 17, '炒木耳', 20, 2, 0, 40, 'served', ''),
(88, 9, '酸梅汤', 8, 1, 0, 8, 'served', ''),
(89, 3, '红烧肉', 38, 1, 0, 38, 'served', ''),
(89, 15, '清蒸鱼', 48, 2, 0, 96, 'served', ''),
(89, 11, '回锅肉', 32, 1, 0, 32, 'served', ''),
(89, 13, '鱼香肉丝', 30, 1, 0, 30, 'served', ''),
(90, 6, '蛋炒饭', 18, 2, 0, 36, 'served', ''),
(90, 4, '炒青菜', 16, 1, 0, 16, 'served', ''),
(90, 14, '宫保鸡丁', 32, 1, 0, 32, 'served', ''),
(90, 1, '青椒肉丝', 28, 1, 0, 28, 'served', ''),
(90, 7, '牛肉面', 26, 2, 0, 52, 'served', ''),
(91, 3, '红烧肉', 38, 1, 0, 38, 'served', ''),
(91, 16, '蒜蓉虾', 58, 1, 0, 58, 'served', ''),
(92, 8, '鸡肉饭', 24, 1, 0, 24, 'served', ''),
(92, 6, '蛋炒饭', 18, 2, 0, 36, 'served', ''),
(93, 2, '番茄炒蛋', 22, 1, 0, 22, 'served', ''),
(93, 10, '豆浆', 6, 2, 0, 12, 'served', ''),
(94, 7, '牛肉面', 26, 1, 0, 26, 'served', ''),
(94, 10, '豆浆', 6, 2, 0, 12, 'served', ''),
(94, 17, '炒木耳', 20, 2, 0, 40, 'served', ''),
(94, 1, '青椒肉丝', 28, 1, 0, 28, 'served', ''),
(95, 14, '宫保鸡丁', 32, 1, 0, 32, 'served', ''),
(95, 8, '鸡肉饭', 24, 2, 0, 48, 'served', ''),
(96, 2, '番茄炒蛋', 22, 2, 0, 44, 'served', ''),
(97, 2, '番茄炒蛋', 22, 1, 0, 22, 'served', ''),
(98, 17, '炒木耳', 20, 2, 0, 40, 'ordered', ''),
(98, 12, '麻婆豆腐', 24, 2, 0, 48, 'ordered', ''),
(98, 11, '回锅肉', 32, 1, 0, 32, 'ordered', ''),
(98, 3, '红烧肉', 38, 1, 0, 38, 'ordered', ''),
(99, 2, '番茄炒蛋', 22, 1, 0, 22, 'served', ''),
(99, 1, '青椒肉丝', 28, 2, 0, 56, 'served', ''),
(100, 7, '牛肉面', 26, 2, 0, 52, 'served', ''),
(100, 14, '宫保鸡丁', 32, 1, 0, 32, 'served', ''),
(100, 1, '青椒肉丝', 28, 2, 0, 56, 'served', ''),
(100, 17, '炒木耳', 20, 1, 0, 20, 'served', ''),
(101, 10, '豆浆', 6, 1, 0, 6, 'served', ''),
(101, 3, '红烧肉', 38, 1, 0, 38, 'served', ''),
(101, 2, '番茄炒蛋', 22, 2, 0, 44, 'served', ''),
(102, 5, '酸辣土豆丝', 18, 2, 0, 36, 'served', ''),
(102, 9, '酸梅汤', 8, 2, 0, 16, 'served', ''),
(102, 19, '酸辣汤', 12, 2, 0, 24, 'served', ''),
(102, 8, '鸡肉饭', 24, 2, 0, 48, 'served', ''),
(103, 1, '青椒肉丝', 28, 2, 0, 56, 'served', ''),
(103, 8, '鸡肉饭', 24, 2, 0, 48, 'served', ''),
(103, 16, '蒜蓉虾', 58, 2, 0, 116, 'served', ''),
(104, 3, '红烧肉', 38, 1, 0, 38, 'served', ''),
(105, 10, '豆浆', 6, 1, 0, 6, 'served', ''),
(105, 13, '鱼香肉丝', 30, 2, 0, 60, 'served', ''),
(105, 8, '鸡肉饭', 24, 2, 0, 48, 'served', ''),
(106, 2, '番茄炒蛋', 22, 1, 0, 22, 'served', ''),
(106, 19, '酸辣汤', 12, 2, 0, 24, 'served', ''),
(106, 6, '蛋炒饭', 18, 1, 0, 18, 'served', ''),
(107, 20, '凉拌海带丝', 14, 1, 0, 14, 'served', ''),
(107, 7, '牛肉面', 26, 2, 0, 52, 'served', ''),
(107, 2, '番茄炒蛋', 22, 2, 0, 44, 'served', ''),
(108, 19, '酸辣汤', 12, 1, 0, 12, 'served', ''),
(108, 18, '香菇青菜', 22, 1, 0, 22, 'served', ''),
(109, 2, '番茄炒蛋', 22, 2, 0, 44, 'served', ''),
(109, 10, '豆浆', 6, 1, 0, 6, 'served', ''),
(109, 11, '回锅肉', 32, 1, 0, 32, 'served', ''),
(109, 20, '凉拌海带丝', 14, 2, 0, 28, 'served', ''),
(110, 13, '鱼香肉丝', 30, 1, 0, 30, 'served', ''),
(110, 6, '蛋炒饭', 18, 2, 0, 36, 'served', ''),
(111, 8, '鸡肉饭', 24, 2, 0, 48, 'served', ''),
(111, 10, '豆浆', 6, 2, 0, 12, 'served', ''),
(112, 18, '香菇青菜', 22, 1, 0, 22, 'served', ''),
(112, 1, '青椒肉丝', 28, 2, 0, 56, 'served', ''),
(113, 5, '酸辣土豆丝', 18, 2, 0, 36, 'served', ''),
(113, 8, '鸡肉饭', 24, 2, 0, 48, 'served', ''),
(114, 6, '蛋炒饭', 18, 1, 0, 18, 'served', ''),
(114, 15, '清蒸鱼', 48, 1, 0, 48, 'served', ''),
(115, 7, '牛肉面', 26, 2, 0, 52, 'served', ''),
(115, 12, '麻婆豆腐', 24, 2, 0, 48, 'served', ''),
(116, 1, '青椒肉丝', 28, 1, 0, 28, 'ordered', ''),
(116, 9, '酸梅汤', 8, 2, 0, 16, 'ordered', ''),
(116, 3, '红烧肉', 38, 2, 0, 76, 'ordered', ''),
(116, 7, '牛肉面', 26, 1, 0, 26, 'ordered', ''),
(117, 3, '红烧肉', 38, 2, 0, 76, 'served', ''),
(118, 6, '蛋炒饭', 18, 2, 0, 36, 'served', ''),
(118, 4, '炒青菜', 16, 2, 0, 32, 'served', ''),
(118, 18, '香菇青菜', 22, 1, 0, 22, 'served', ''),
(118, 5, '酸辣土豆丝', 18, 2, 0, 36, 'served', ''),
(119, 5, '酸辣土豆丝', 18, 1, 0, 18, 'served', ''),
(120, 12, '麻婆豆腐', 24, 1, 0, 24, 'served', ''),
(120, 20, '凉拌海带丝', 14, 2, 0, 28, 'served', ''),
(121, 7, '牛肉面', 26, 2, 0, 52, 'served', ''),
(121, 1, '青椒肉丝', 28, 2, 0, 56, 'served', ''),
(122, 7, '牛肉面', 26, 1, 0, 26, 'served', ''),
(122, 5, '酸辣土豆丝', 18, 1, 0, 18, 'served', ''),
(122, 4, '炒青菜', 16, 2, 0, 32, 'served', ''),
(122, 1, '青椒肉丝', 28, 1, 0, 28, 'served', ''),
(123, 9, '酸梅汤', 8, 1, 0, 8, 'served', ''),
(123, 2, '番茄炒蛋', 22, 1, 0, 22, 'served', ''),
(124, 20, '凉拌海带丝', 14, 2, 0, 28, 'served', ''),
(124, 6, '蛋炒饭', 18, 2, 0, 36, 'served', ''),
(124, 9, '酸梅汤', 8, 2, 0, 16, 'served', ''),
(124, 14, '宫保鸡丁', 32, 2, 0, 64, 'served', ''),
(125, 18, '香菇青菜', 22, 2, 0, 44, 'served', ''),
(126, 4, '炒青菜', 16, 1, 0, 16, 'served', ''),
(126, 12, '麻婆豆腐', 24, 2, 0, 48, 'served', ''),
(127, 4, '炒青菜', 16, 2, 0, 32, 'served', ''),
(127, 2, '番茄炒蛋', 22, 1, 0, 22, 'served', ''),
(128, 7, '牛肉面', 26, 1, 0, 26, 'served', ''),
(128, 18, '香菇青菜', 22, 2, 0, 44, 'served', ''),
(129, 17, '炒木耳', 20, 1, 0, 20, 'served', ''),
(129, 2, '番茄炒蛋', 22, 2, 0, 44, 'served', ''),
(130, 6, '蛋炒饭', 18, 1, 0, 18, 'served', ''),
(130, 2, '番茄炒蛋', 22, 2, 0, 44, 'served', ''),
(131, 14, '宫保鸡丁', 32, 2, 0, 64, 'served', ''),
(131, 2, '番茄炒蛋', 22, 2, 0, 44, 'served', ''),
(132, 1, '青椒肉丝', 28, 1, 0, 28, 'served', ''),
(132, 12, '麻婆豆腐', 24, 2, 0, 48, 'served', ''),
(132, 11, '回锅肉', 32, 1, 0, 32, 'served', ''),
(133, 5, '酸辣土豆丝', 18, 1, 0, 18, 'served', ''),
(133, 2, '番茄炒蛋', 22, 1, 0, 22, 'served', ''),
(134, 1, '青椒肉丝', 28, 2, 0, 56, 'served', ''),
(134, 9, '酸梅汤', 8, 2, 0, 16, 'served', ''),
(134, 12, '麻婆豆腐', 24, 1, 0, 24, 'served', ''),
(134, 19, '酸辣汤', 12, 1, 0, 12, 'served', ''),
(135, 3, '红烧肉', 38, 2, 0, 76, 'served', ''),
(135, 7, '牛肉面', 26, 2, 0, 52, 'served', ''),
(136, 11, '回锅肉', 32, 2, 0, 64, 'served', ''),
(136, 10, '豆浆', 6, 1, 0, 6, 'served', ''),
(136, 2, '番茄炒蛋', 22, 2, 0, 44, 'served', ''),
(137, 13, '鱼香肉丝', 30, 1, 0, 30, 'served', ''),
(137, 5, '酸辣土豆丝', 18, 2, 0, 36, 'served', ''),
(137, 7, '牛肉面', 26, 2, 0, 52, 'served', ''),
(138, 4, '炒青菜', 16, 1, 0, 16, 'served', ''),
(138, 5, '酸辣土豆丝', 18, 1, 0, 18, 'served', ''),
(139, 14, '宫保鸡丁', 32, 2, 0, 64, 'served', ''),
(139, 9, '酸梅汤', 8, 2, 0, 16, 'served', ''),
(140, 14, '宫保鸡丁', 32, 2, 0, 64, 'served', ''),
(140, 9, '酸梅汤', 8, 2, 0, 16, 'served', ''),
(140, 2, '番茄炒蛋', 22, 2, 0, 44, 'served', ''),
(140, 10, '豆浆', 6, 1, 0, 6, 'served', ''),
(141, 16, '蒜蓉虾', 58, 2, 0, 116, 'ordered', ''),
(141, 19, '酸辣汤', 12, 1, 0, 12, 'ordered', ''),
(141, 2, '番茄炒蛋', 22, 2, 0, 44, 'ordered', ''),
(142, 2, '番茄炒蛋', 22, 1, 0, 22, 'served', ''),
(142, 10, '豆浆', 6, 1, 0, 6, 'served', ''),
(142, 4, '炒青菜', 16, 2, 0, 32, 'served', ''),
(143, 3, '红烧肉', 38, 1, 0, 38, 'served', ''),
(144, 12, '麻婆豆腐', 24, 2, 0, 48, 'served', ''),
(144, 8, '鸡肉饭', 24, 1, 0, 24, 'served', ''),
(144, 4, '炒青菜', 16, 1, 0, 16, 'served', ''),
(145, 4, '炒青菜', 16, 2, 0, 32, 'served', ''),
(145, 18, '香菇青菜', 22, 1, 0, 22, 'served', ''),
(146, 7, '牛肉面', 26, 1, 0, 26, 'served', ''),
(146, 11, '回锅肉', 32, 2, 0, 64, 'served', ''),
(147, 14, '宫保鸡丁', 32, 2, 0, 64, 'served', ''),
(148, 7, '牛肉面', 26, 1, 0, 26, 'served', ''),
(148, 11, '回锅肉', 32, 2, 0, 64, 'served', ''),
(149, 8, '鸡肉饭', 24, 2, 0, 48, 'served', ''),
(149, 5, '酸辣土豆丝', 18, 1, 0, 18, 'served', ''),
(149, 17, '炒木耳', 20, 1, 0, 20, 'served', ''),
(150, 4, '炒青菜', 16, 2, 0, 32, 'served', ''),
(150, 2, '番茄炒蛋', 22, 1, 0, 22, 'served', ''),
(151, 10, '豆浆', 6, 2, 0, 12, 'served', ''),
(151, 4, '炒青菜', 16, 1, 0, 16, 'served', ''),
(151, 7, '牛肉面', 26, 2, 0, 52, 'served', ''),
(152, 2, '番茄炒蛋', 22, 1, 0, 22, 'served', ''),
(152, 3, '红烧肉', 38, 2, 0, 76, 'served', ''),
(152, 4, '炒青菜', 16, 1, 0, 16, 'served', ''),
(152, 9, '酸梅汤', 8, 2, 0, 16, 'served', ''),
(153, 4, '炒青菜', 16, 2, 0, 32, 'served', ''),
(153, 6, '蛋炒饭', 18, 1, 0, 18, 'served', ''),
(154, 16, '蒜蓉虾', 58, 1, 0, 58, 'served', ''),
(154, 18, '香菇青菜', 22, 1, 0, 22, 'served', ''),
(154, 6, '蛋炒饭', 18, 1, 0, 18, 'served', ''),
(154, 3, '红烧肉', 38, 1, 0, 38, 'served', ''),
(155, 13, '鱼香肉丝', 30, 2, 0, 60, 'served', ''),
(155, 7, '牛肉面', 26, 2, 0, 52, 'served', ''),
(155, 4, '炒青菜', 16, 1, 0, 16, 'served', ''),
(155, 9, '酸梅汤', 8, 2, 0, 16, 'served', ''),
(156, 20, '凉拌海带丝', 14, 2, 0, 28, 'served', ''),
(156, 2, '番茄炒蛋', 22, 2, 0, 44, 'served', ''),
(157, 11, '回锅肉', 32, 2, 0, 64, 'served', ''),
(157, 12, '麻婆豆腐', 24, 2, 0, 48, 'served', ''),
(157, 7, '牛肉面', 26, 2, 0, 52, 'served', ''),
(158, 9, '酸梅汤', 8, 2, 0, 16, 'served', ''),
(158, 3, '红烧肉', 38, 1, 0, 38, 'served', ''),
(158, 2, '番茄炒蛋', 22, 1, 0, 22, 'served', ''),
(159, 6, '蛋炒饭', 18, 2, 0, 36, 'served', ''),
(159, 11, '回锅肉', 32, 2, 0, 64, 'served', ''),
(159, 14, '宫保鸡丁', 32, 2, 0, 64, 'served', ''),
(160, 9, '酸梅汤', 8, 1, 0, 8, 'served', ''),
(160, 19, '酸辣汤', 12, 2, 0, 24, 'served', ''),
(161, 1, '青椒肉丝', 28, 2, 0, 56, 'served', ''),
(161, 8, '鸡肉饭', 24, 1, 0, 24, 'served', ''),
(161, 9, '酸梅汤', 8, 2, 0, 16, 'served', ''),
(162, 9, '酸梅汤', 8, 1, 0, 8, 'served', ''),
(162, 6, '蛋炒饭', 18, 1, 0, 18, 'served', ''),
(163, 6, '蛋炒饭', 18, 2, 0, 36, 'served', ''),
(163, 1, '青椒肉丝', 28, 1, 0, 28, 'served', ''),
(163, 9, '酸梅汤', 8, 2, 0, 16, 'served', ''),
(163, 4, '炒青菜', 16, 1, 0, 16, 'served', ''),
(164, 4, '炒青菜', 16, 1, 0, 16, 'served', ''),
(164, 11, '回锅肉', 32, 1, 0, 32, 'served', ''),
(164, 19, '酸辣汤', 12, 2, 0, 24, 'served', ''),
(165, 2, '番茄炒蛋', 22, 1, 0, 22, 'served', ''),
(165, 10, '豆浆', 6, 2, 0, 12, 'served', ''),
(166, 14, '宫保鸡丁', 32, 1, 0, 32, 'served', ''),
(167, 14, '宫保鸡丁', 32, 2, 0, 64, 'served', ''),
(167, 3, '红烧肉', 38, 1, 0, 38, 'served', ''),
(167, 6, '蛋炒饭', 18, 2, 0, 36, 'served', ''),
(168, 8, '鸡肉饭', 24, 1, 0, 24, 'served', ''),
(168, 6, '蛋炒饭', 18, 2, 0, 36, 'served', ''),
(168, 12, '麻婆豆腐', 24, 1, 0, 24, 'served', ''),
(169, 3, '红烧肉', 38, 2, 0, 76, 'served', ''),
(170, 3, '红烧肉', 38, 1, 0, 38, 'ordered', ''),
(170, 11, '回锅肉', 32, 2, 0, 64, 'ordered', ''),
(170, 9, '酸梅汤', 8, 2, 0, 16, 'ordered', ''),
(171, 8, '鸡肉饭', 24, 1, 0, 24, 'ordered', ''),
(171, 17, '炒木耳', 20, 1, 0, 20, 'ordered', ''),
(171, 7, '牛肉面', 26, 1, 0, 26, 'ordered', ''),
(171, 1, '青椒肉丝', 28, 2, 0, 56, 'ordered', '');

INSERT INTO payments (order_id, amount, method, transaction_id, status, paid_at) VALUES
(1, 130, 'alipay', 'TX20260703000001', 'success', '2026-07-03 11:05:09'),
(2, 108, 'cash', NULL, 'success', '2026-07-03 11:17:21'),
(3, 52, 'wechat', 'TX20260703000003', 'success', '2026-07-03 11:29:21'),
(4, 116, 'cash', NULL, 'success', '2026-07-03 11:41:34'),
(5, 93, 'wechat', 'TX20260703000005', 'success', '2026-07-03 11:52:38'),
(6, 56, 'wechat', 'TX20260703000006', 'success', '2026-07-03 12:05:07'),
(7, 120, 'alipay', 'TX20260703000007', 'success', '2026-07-03 12:15:19'),
(8, 104, 'alipay', 'TX20260703000008', 'success', '2026-07-03 12:28:59'),
(9, 120, 'aggregated', 'TX20260703000009', 'success', '2026-07-03 12:38:29'),
(10, 58, 'wechat', 'TX20260703000010', 'success', '2026-07-03 12:52:05'),
(11, 55, 'alipay', 'TX20260703000011', 'success', '2026-07-03 13:03:51'),
(12, 102, 'wechat', 'TX20260703000012', 'success', '2026-07-03 13:16:24'),
(13, 252, 'wechat', 'TX20260703000013', 'success', '2026-07-03 17:08:04'),
(14, 106, 'cash', NULL, 'success', '2026-07-03 17:20:26'),
(15, 66, 'alipay', 'TX20260703000015', 'success', '2026-07-03 17:38:31'),
(16, 24, 'wechat', 'TX20260703000016', 'success', '2026-07-03 17:53:06'),
(17, 40, 'cash', NULL, 'success', '2026-07-03 18:08:56'),
(18, 88, 'cash', NULL, 'success', '2026-07-03 18:22:05'),
(19, 154, 'alipay', 'TX20260703000019', 'success', '2026-07-03 18:40:59'),
(20, 42, 'wechat', 'TX20260703000020', 'success', '2026-07-03 18:53:25'),
(21, 56, 'cash', NULL, 'success', '2026-07-03 19:11:31'),
(23, 97, 'alipay', 'TX20260704000022', 'success', '2026-07-04 11:07:10'),
(24, 78, 'aggregated', 'TX20260704000023', 'success', '2026-07-04 11:14:23'),
(25, 160, 'alipay', 'TX20260704000024', 'success', '2026-07-04 11:20:53'),
(26, 164, 'alipay', 'TX20260704000025', 'success', '2026-07-04 11:28:19'),
(27, 80, 'alipay', 'TX20260704000026', 'success', '2026-07-04 11:37:24'),
(28, 70, 'alipay', 'TX20260704000027', 'success', '2026-07-04 11:43:19'),
(29, 189, 'wechat', 'TX20260704000028', 'success', '2026-07-04 11:54:45'),
(30, 110, 'wechat', 'TX20260704000029', 'success', '2026-07-04 12:01:22'),
(31, 74, 'alipay', 'TX20260704000030', 'success', '2026-07-04 12:07:52'),
(32, 118, 'alipay', 'TX20260704000031', 'success', '2026-07-04 12:17:44'),
(33, 32, 'wechat', 'TX20260704000032', 'success', '2026-07-04 12:25:15'),
(34, 44, 'alipay', 'TX20260704000033', 'success', '2026-07-04 12:33:08'),
(35, 24, 'wechat', 'TX20260704000034', 'success', '2026-07-04 12:38:11'),
(36, 16, 'alipay', 'TX20260704000035', 'success', '2026-07-04 12:49:09'),
(37, 54, 'alipay', 'TX20260704000036', 'success', '2026-07-04 12:54:20'),
(38, 72, 'wechat', 'TX20260704000037', 'success', '2026-07-04 13:04:05'),
(39, 136, 'alipay', 'TX20260704000038', 'success', '2026-07-04 13:11:48'),
(40, 94, 'cash', NULL, 'success', '2026-07-04 13:17:48'),
(41, 40, 'wechat', 'TX20260704000040', 'success', '2026-07-04 17:08:20'),
(42, 114, 'aggregated', 'TX20260704000041', 'success', '2026-07-04 17:18:02'),
(43, 42, 'aggregated', 'TX20260704000042', 'success', '2026-07-04 17:26:07'),
(44, 38, 'wechat', 'TX20260704000043', 'success', '2026-07-04 17:38:40'),
(45, 106, 'aggregated', 'TX20260704000044', 'success', '2026-07-04 17:51:28'),
(46, 60, 'aggregated', 'TX20260704000045', 'success', '2026-07-04 17:58:28'),
(47, 128, 'alipay', 'TX20260704000046', 'success', '2026-07-04 18:10:55'),
(48, 108, 'alipay', 'TX20260704000047', 'success', '2026-07-04 18:20:15'),
(49, 66, 'cash', NULL, 'success', '2026-07-04 18:32:12'),
(50, 125, 'aggregated', 'TX20260704000049', 'success', '2026-07-04 18:44:14'),
(51, 116, 'cash', NULL, 'success', '2026-07-04 18:54:38'),
(52, 54, 'alipay', 'TX20260704000051', 'success', '2026-07-04 19:04:44'),
(53, 96, 'alipay', 'TX20260704000052', 'success', '2026-07-04 19:17:13'),
(55, 100, 'cash', NULL, 'success', '2026-07-05 11:06:46'),
(56, 72, 'wechat', 'TX20260705000054', 'success', '2026-07-05 11:16:37'),
(57, 36, 'cash', NULL, 'success', '2026-07-05 11:23:17'),
(58, 180, 'wechat', 'TX20260705000056', 'success', '2026-07-05 11:32:25'),
(59, 38, 'wechat', 'TX20260705000057', 'success', '2026-07-05 11:42:56'),
(60, 100, 'alipay', 'TX20260705000058', 'success', '2026-07-05 11:51:23'),
(61, 18, 'wechat', 'TX20260705000059', 'success', '2026-07-05 11:59:37'),
(62, 158, 'alipay', 'TX20260705000060', 'success', '2026-07-05 12:06:31'),
(63, 68, 'alipay', 'TX20260705000061', 'success', '2026-07-05 12:17:18'),
(64, 84, 'wechat', 'TX20260705000062', 'success', '2026-07-05 12:25:35'),
(65, 89, 'wechat', 'TX20260705000063', 'success', '2026-07-05 12:34:03'),
(66, 48, 'alipay', 'TX20260705000064', 'success', '2026-07-05 12:44:41'),
(67, 68, 'alipay', 'TX20260705000065', 'success', '2026-07-05 12:53:15'),
(68, 96, 'cash', NULL, 'success', '2026-07-05 13:01:51'),
(69, 136, 'wechat', 'TX20260705000067', 'success', '2026-07-05 13:09:11'),
(70, 124, 'alipay', 'TX20260705000068', 'success', '2026-07-05 13:18:09'),
(71, 26, 'cash', NULL, 'success', '2026-07-05 17:08:26'),
(72, 60, 'wechat', 'TX20260705000070', 'success', '2026-07-05 17:17:23'),
(73, 72, 'alipay', 'TX20260705000071', 'success', '2026-07-05 17:32:26'),
(74, 84, 'alipay', 'TX20260705000072', 'success', '2026-07-05 17:45:23'),
(75, 62, 'wechat', 'TX20260705000073', 'success', '2026-07-05 17:57:30'),
(76, 122, 'cash', NULL, 'success', '2026-07-05 18:09:39'),
(77, 72, 'wechat', 'TX20260705000075', 'success', '2026-07-05 18:24:22'),
(78, 98, 'wechat', 'TX20260705000076', 'success', '2026-07-05 18:36:40'),
(79, 54, 'wechat', 'TX20260705000077', 'success', '2026-07-05 18:46:24'),
(80, 146, 'aggregated', 'TX20260705000078', 'success', '2026-07-05 19:01:39'),
(81, 110, 'cash', NULL, 'success', '2026-07-05 19:12:08'),
(83, 8, 'cash', NULL, 'success', '2026-07-06 11:06:10'),
(84, 64, 'aggregated', 'TX20260706000081', 'success', '2026-07-06 11:21:20'),
(85, 152, 'alipay', 'TX20260706000082', 'success', '2026-07-06 11:38:48'),
(86, 18, 'alipay', 'TX20260706000083', 'success', '2026-07-06 11:51:44'),
(87, 73, 'wechat', 'TX20260706000084', 'success', '2026-07-06 12:10:11'),
(88, 8, 'aggregated', 'TX20260706000085', 'success', '2026-07-06 12:23:01'),
(89, 196, 'alipay', 'TX20260706000086', 'success', '2026-07-06 12:39:53'),
(90, 164, 'aggregated', 'TX20260706000087', 'success', '2026-07-06 12:56:52'),
(91, 96, 'wechat', 'TX20260706000088', 'success', '2026-07-06 13:11:22'),
(92, 60, 'wechat', 'TX20260706000089', 'success', '2026-07-06 17:07:41'),
(93, 34, 'alipay', 'TX20260706000090', 'success', '2026-07-06 17:28:31'),
(94, 106, 'cash', NULL, 'success', '2026-07-06 17:52:25'),
(95, 80, 'aggregated', 'TX20260706000092', 'success', '2026-07-06 18:18:46'),
(96, 44, 'aggregated', 'TX20260706000093', 'success', '2026-07-06 18:40:03'),
(97, 22, 'aggregated', 'TX20260706000094', 'success', '2026-07-06 19:03:29'),
(99, 78, 'cash', NULL, 'success', '2026-07-07 11:06:22'),
(100, 145, 'alipay', 'TX20260707000096', 'success', '2026-07-07 11:22:08'),
(101, 88, 'cash', NULL, 'success', '2026-07-07 11:33:20'),
(102, 124, 'cash', NULL, 'success', '2026-07-07 11:48:31'),
(103, 220, 'wechat', 'TX20260707000099', 'success', '2026-07-07 12:01:35'),
(104, 38, 'cash', NULL, 'success', '2026-07-07 12:18:11'),
(105, 114, 'alipay', 'TX20260707000101', 'success', '2026-07-07 12:31:19'),
(106, 64, 'aggregated', 'TX20260707000102', 'success', '2026-07-07 12:46:52'),
(107, 110, 'wechat', 'TX20260707000103', 'success', '2026-07-07 13:00:09'),
(108, 34, 'cash', NULL, 'success', '2026-07-07 13:11:50'),
(109, 110, 'cash', NULL, 'success', '2026-07-07 17:08:26'),
(110, 66, 'cash', NULL, 'success', '2026-07-07 17:27:06'),
(111, 60, 'aggregated', 'TX20260707000107', 'success', '2026-07-07 17:48:52'),
(112, 78, 'cash', NULL, 'success', '2026-07-07 18:08:28'),
(113, 84, 'cash', NULL, 'success', '2026-07-07 18:28:28'),
(114, 66, 'alipay', 'TX20260707000110', 'success', '2026-07-07 18:45:56'),
(115, 100, 'alipay', 'TX20260707000111', 'success', '2026-07-07 19:07:35'),
(117, 76, 'wechat', 'TX20260708000112', 'success', '2026-07-08 11:05:34'),
(118, 126, 'cash', NULL, 'success', '2026-07-08 11:18:32'),
(119, 18, 'alipay', 'TX20260708000114', 'success', '2026-07-08 11:27:48'),
(120, 47, 'aggregated', 'TX20260708000115', 'success', '2026-07-08 11:38:36'),
(121, 108, 'aggregated', 'TX20260708000116', 'success', '2026-07-08 11:47:27'),
(122, 104, 'wechat', 'TX20260708000117', 'success', '2026-07-08 11:55:24'),
(123, 30, 'alipay', 'TX20260708000118', 'success', '2026-07-08 12:08:44'),
(124, 144, 'cash', NULL, 'success', '2026-07-08 12:18:30'),
(125, 44, 'wechat', 'TX20260708000120', 'success', '2026-07-08 12:27:51'),
(126, 64, 'wechat', 'TX20260708000121', 'success', '2026-07-08 12:38:11'),
(127, 54, 'aggregated', 'TX20260708000122', 'success', '2026-07-08 12:47:56'),
(128, 70, 'aggregated', 'TX20260708000123', 'success', '2026-07-08 12:55:31'),
(129, 64, 'wechat', 'TX20260708000124', 'success', '2026-07-08 13:08:59'),
(130, 62, 'wechat', 'TX20260708000125', 'success', '2026-07-08 13:16:40'),
(131, 108, 'alipay', 'TX20260708000126', 'success', '2026-07-08 17:07:14'),
(132, 93, 'wechat', 'TX20260708000127', 'success', '2026-07-08 17:22:41'),
(133, 40, 'cash', NULL, 'success', '2026-07-08 17:35:35'),
(134, 108, 'wechat', 'TX20260708000129', 'success', '2026-07-08 17:48:27'),
(135, 128, 'wechat', 'TX20260708000130', 'success', '2026-07-08 18:02:45'),
(136, 114, 'cash', NULL, 'success', '2026-07-08 18:15:13'),
(137, 118, 'wechat', 'TX20260708000132', 'success', '2026-07-08 18:32:22'),
(138, 24, 'wechat', 'TX20260708000133', 'success', '2026-07-08 18:44:00'),
(139, 80, 'cash', NULL, 'success', '2026-07-08 18:58:33'),
(140, 130, 'aggregated', 'TX20260708000135', 'success', '2026-07-08 19:13:37'),
(142, 55, 'wechat', 'TX20260709000136', 'success', '2026-07-09 11:07:55'),
(143, 38, 'alipay', 'TX20260709000137', 'success', '2026-07-09 11:14:10'),
(144, 88, 'cash', NULL, 'success', '2026-07-09 11:24:05'),
(145, 54, 'wechat', 'TX20260709000139', 'success', '2026-07-09 11:31:35'),
(146, 90, 'aggregated', 'TX20260709000140', 'success', '2026-07-09 11:42:35'),
(147, 64, 'alipay', 'TX20260709000141', 'success', '2026-07-09 11:49:00'),
(148, 90, 'wechat', 'TX20260709000142', 'success', '2026-07-09 11:59:50'),
(149, 86, 'alipay', 'TX20260709000143', 'success', '2026-07-09 12:07:40'),
(150, 54, 'alipay', 'TX20260709000144', 'success', '2026-07-09 12:17:38'),
(151, 80, 'wechat', 'TX20260709000145', 'success', '2026-07-09 12:23:25'),
(152, 120, 'wechat', 'TX20260709000146', 'success', '2026-07-09 12:34:36'),
(153, 50, 'wechat', 'TX20260709000147', 'success', '2026-07-09 12:43:09'),
(154, 136, 'alipay', 'TX20260709000148', 'success', '2026-07-09 12:52:53'),
(155, 144, 'cash', NULL, 'success', '2026-07-09 12:59:14'),
(156, 72, 'cash', NULL, 'success', '2026-07-09 13:08:13'),
(157, 164, 'cash', NULL, 'success', '2026-07-09 13:18:04'),
(158, 76, 'alipay', 'TX20260709000152', 'success', '2026-07-09 17:06:55'),
(159, 164, 'alipay', 'TX20260709000153', 'success', '2026-07-09 17:19:58'),
(160, 32, 'wechat', 'TX20260709000154', 'success', '2026-07-09 17:29:52'),
(161, 96, 'aggregated', 'TX20260709000155', 'success', '2026-07-09 17:41:32'),
(162, 26, 'wechat', 'TX20260709000156', 'success', '2026-07-09 17:52:19'),
(163, 96, 'wechat', 'TX20260709000157', 'success', '2026-07-09 18:06:40'),
(164, 72, 'wechat', 'TX20260709000158', 'success', '2026-07-09 18:15:23'),
(165, 34, 'alipay', 'TX20260709000159', 'success', '2026-07-09 18:28:27'),
(166, 32, 'wechat', 'TX20260709000160', 'success', '2026-07-09 18:40:36'),
(167, 128, 'aggregated', 'TX20260709000161', 'success', '2026-07-09 18:51:07'),
(168, 84, 'wechat', 'TX20260709000162', 'success', '2026-07-09 19:02:01'),
(169, 76, 'wechat', 'TX20260709000163', 'success', '2026-07-09 19:13:08');
