DELETE FROM payments;
DELETE FROM order_items;
DELETE FROM orders;
DELETE FROM inventory;
DELETE FROM purchase_items;
DELETE FROM purchase_orders;
DELETE FROM dish_ingredients;
DELETE FROM dishes;
DELETE FROM ingredients;
DELETE FROM suppliers;
DELETE FROM tables;

INSERT INTO suppliers (name, contact, phone, note) VALUES
('张记生鲜', '张老板', '13800138001', '主营蔬菜、肉类'),
('李氏粮油', '李经理', '13900139002', '主营粮油、调料'),
('王氏水产', '王老板', '13700137003', '主营海鲜、水产');

INSERT INTO ingredients (name, unit, warning_threshold) VALUES
('牛肉', 'kg', 5),
('猪肉', 'kg', 5),
('鸡肉', 'kg', 5),
('青菜', 'kg', 10),
('白菜', 'kg', 10),
('土豆', 'kg', 10),
('青椒', 'kg', 5),
('西红柿', 'kg', 5),
('鸡蛋', '个', 50),
('大米', 'kg', 20),
('面粉', 'kg', 10),
('食用油', 'L', 5),
('酱油', 'L', 5),
('盐', 'kg', 2),
('糖', 'kg', 2),
('生姜', 'kg', 3),
('大蒜', 'kg', 3),
('料酒', 'L', 2),
('豆瓣酱', 'kg', 2),
('香油', 'L', 2),
('木耳', 'kg', 2),
('香菇', 'kg', 2),
('腐竹', 'kg', 2),
('粉条', 'kg', 2),
('豆腐', 'kg', 5),
('鱼', 'kg', 3),
('虾', 'kg', 2),
('螃蟹', 'kg', 2),
('鱿鱼', 'kg', 2),
('海带', 'kg', 3);

INSERT INTO dishes (name, category, price, cost_estimate, is_active, sort_order) VALUES
('青椒肉丝', '主食', 28, 12, 1, 1),
('番茄炒蛋', '主食', 22, 8, 1, 2),
('红烧肉', '主食', 38, 18, 1, 3),
('炒青菜', '小菜', 16, 5, 1, 4),
('酸辣土豆丝', '小菜', 18, 6, 1, 5),
('蛋炒饭', '主食', 18, 7, 1, 6),
('牛肉面', '主食', 26, 11, 1, 7),
('鸡肉饭', '主食', 24, 10, 1, 8),
('酸梅汤', '饮品', 8, 2, 1, 9),
('豆浆', '饮品', 6, 1.5, 1, 10),
('回锅肉', '主食', 32, 14, 1, 11),
('麻婆豆腐', '主食', 24, 8, 1, 12),
('鱼香肉丝', '主食', 30, 13, 1, 13),
('宫保鸡丁', '主食', 32, 14, 1, 14),
('清蒸鱼', '主食', 48, 22, 1, 15),
('蒜蓉虾', '主食', 58, 28, 1, 16),
('炒木耳', '小菜', 20, 8, 1, 17),
('香菇青菜', '小菜', 22, 10, 1, 18),
('酸辣汤', '饮品', 12, 4, 1, 19),
('凉拌海带丝', '小菜', 14, 5, 1, 20);

INSERT INTO dish_ingredients (dish_id, ingredient_id, quantity, unit) VALUES
(1, 7, 0.15, 'kg'),
(1, 2, 0.2, 'kg'),
(2, 8, 0.3, 'kg'),
(2, 9, 3, '个'),
(3, 2, 0.4, 'kg'),
(3, 12, 0.05, 'L'),
(4, 4, 0.3, 'kg'),
(5, 6, 0.4, 'kg'),
(5, 7, 0.05, 'kg'),
(6, 10, 0.2, 'kg'),
(6, 9, 2, '个'),
(7, 1, 0.15, 'kg'),
(7, 10, 0.15, 'kg'),
(8, 3, 0.2, 'kg'),
(8, 10, 0.15, 'kg'),
(11, 2, 0.25, 'kg'),
(12, 25, 0.3, 'kg'),
(13, 2, 0.2, 'kg'),
(14, 3, 0.25, 'kg'),
(15, 26, 0.5, 'kg');

INSERT INTO tables (table_no, capacity, status) VALUES
('A1', 4, 'idle'),
('A2', 4, 'idle'),
('B1', 6, 'idle'),
('B2', 6, 'idle'),
('C1', 2, 'idle');

INSERT INTO purchase_orders (order_no, supplier_id, supplier_name, total_amount, source_type, status, operator, created_at, confirmed_at) VALUES
('PO20260628-001', 1, '张记生鲜', 850, 'manual', 'confirmed', '王老板', '2026-06-28 08:30:00', '2026-06-28 08:35:00'),
('PO20260628-002', 2, '李氏粮油', 320, 'manual', 'confirmed', '王老板', '2026-06-28 09:00:00', '2026-06-28 09:05:00'),
('PO20260629-001', 1, '张记生鲜', 680, 'image', 'confirmed', '王老板', '2026-06-29 08:20:00', '2026-06-29 08:25:00'),
('PO20260630-001', 3, '王氏水产', 450, 'manual', 'confirmed', '王老板', '2026-06-30 08:45:00', '2026-06-30 08:50:00'),
('PO20260701-001', 1, '张记生鲜', 920, 'voice', 'confirmed', '王老板', '2026-07-01 08:15:00', '2026-07-01 08:20:00'),
('PO20260702-001', 2, '李氏粮油', 280, 'text', 'confirmed', '王老板', '2026-07-02 09:10:00', '2026-07-02 09:15:00'),
('PO20260703-001', 1, '张记生鲜', 750, 'image', 'pending', '王老板', '2026-07-03 08:30:00', NULL);

INSERT INTO purchase_items (order_id, ingredient_id, ingredient_name, quantity, unit, unit_price, amount, ai_confidence) VALUES
(1, 1, '牛肉', 15, 'kg', 42, 630, 1.0),
(1, 4, '青菜', 30, 'kg', 4.5, 135, 1.0),
(1, 9, '鸡蛋', 100, '个', 0.85, 85, 1.0),
(2, 10, '大米', 20, 'kg', 8, 160, 1.0),
(2, 11, '面粉', 10, 'kg', 6, 60, 1.0),
(2, 12, '食用油', 5, 'L', 20, 100, 1.0),
(3, 2, '猪肉', 10, 'kg', 32, 320, 0.95),
(3, 5, '白菜', 40, 'kg', 3.5, 140, 0.92),
(3, 6, '土豆', 25, 'kg', 4.8, 120, 0.88),
(3, 7, '青椒', 15, 'kg', 6.7, 100, 0.90),
(4, 3, '鸡肉', 12, 'kg', 18, 216, 1.0),
(4, 8, '西红柿', 30, 'kg', 5, 150, 1.0),
(4, 13, '酱油', 5, 'L', 16.8, 84, 1.0),
(5, 1, '牛肉', 20, 'kg', 43, 860, 0.93),
(5, 4, '青菜', 20, 'kg', 4.8, 96, 0.95),
(5, 9, '鸡蛋', 150, '个', 0.82, 123, 0.89),
(6, 14, '盐', 10, 'kg', 3, 30, 1.0),
(6, 15, '糖', 10, 'kg', 5, 50, 1.0),
(6, 12, '食用油', 10, 'L', 20, 200, 1.0),
(7, 1, '牛肉', 12, 'kg', 44, 528, 0.95),
(7, 3, '鸡肉', 8, 'kg', 19, 152, 0.92),
(7, 4, '青菜', 25, 'kg', 4.8, 120, 0.88);

INSERT INTO inventory (ingredient_id, quantity, unit, batch_no, purchase_order_id, expiry_date, received_date, status) VALUES
(1, 20, 'kg', 'B20260628-001', 1, '2026-07-12', '2026-06-28', 'active'),
(4, 25, 'kg', 'B20260628-002', 1, '2026-07-05', '2026-06-28', 'active'),
(9, 80, '个', 'B20260628-003', 1, '2026-07-15', '2026-06-28', 'active'),
(10, 18, 'kg', 'B20260628-004', 2, '2026-08-28', '2026-06-28', 'active'),
(11, 8, 'kg', 'B20260628-005', 2, '2026-08-28', '2026-06-28', 'active'),
(12, 8, 'L', 'B20260628-006', 2, '2026-12-28', '2026-06-28', 'active'),
(2, 8, 'kg', 'B20260629-001', 3, '2026-07-13', '2026-06-29', 'active'),
(5, 35, 'kg', 'B20260629-002', 3, '2026-07-06', '2026-06-29', 'active'),
(6, 22, 'kg', 'B20260629-003', 3, '2026-07-16', '2026-06-29', 'active'),
(7, 12, 'kg', 'B20260629-004', 3, '2026-07-06', '2026-06-29', 'active'),
(3, 10, 'kg', 'B20260630-001', 4, '2026-07-14', '2026-06-30', 'active'),
(8, 25, 'kg', 'B20260630-002', 4, '2026-07-07', '2026-06-30', 'active'),
(13, 4, 'L', 'B20260630-003', 4, '2026-12-30', '2026-06-30', 'active'),
(1, 15, 'kg', 'B20260701-001', 5, '2026-07-15', '2026-07-01', 'active'),
(4, 18, 'kg', 'B20260701-002', 5, '2026-07-08', '2026-07-01', 'active'),
(9, 120, '个', 'B20260701-003', 5, '2026-07-18', '2026-07-01', 'active'),
(14, 8, 'kg', 'B20260702-001', 6, '2026-12-02', '2026-07-02', 'active'),
(15, 8, 'kg', 'B20260702-002', 6, '2026-12-02', '2026-07-02', 'active'),
(12, 5, 'L', 'B20260702-003', 6, '2026-12-02', '2026-07-02', 'active');

INSERT INTO orders (order_no, type, table_no, status, items_count, subtotal, discount_amount, total_amount, paid_amount, pay_method, pay_time, note, created_at, updated_at) VALUES
('OD20260628-001', 'dine-in', 'A1', 'paid', 3, 78, 0, 78, 78, 'wechat', '2026-06-28 12:30:00', '', '2026-06-28 12:15:00', '2026-06-28 12:30:00'),
('OD20260628-002', 'dine-in', 'A2', 'paid', 2, 50, 0, 50, 50, 'cash', '2026-06-28 12:45:00', '', '2026-06-28 12:35:00', '2026-06-28 12:45:00'),
('OD20260628-003', 'takeout', NULL, 'paid', 4, 92, 5, 87, 87, 'alipay', '2026-06-28 13:00:00', '', '2026-06-28 12:50:00', '2026-06-28 13:00:00'),
('OD20260628-004', 'quick', NULL, 'paid', 2, 44, 0, 44, 44, 'aggregated', '2026-06-28 13:15:00', '', '2026-06-28 13:10:00', '2026-06-28 13:15:00'),
('OD20260629-001', 'dine-in', 'B1', 'paid', 5, 146, 0, 146, 146, 'wechat', '2026-06-29 11:30:00', '', '2026-06-29 11:10:00', '2026-06-29 11:30:00'),
('OD20260629-002', 'dine-in', 'A1', 'paid', 3, 72, 0, 72, 72, 'cash', '2026-06-29 12:00:00', '', '2026-06-29 11:45:00', '2026-06-29 12:00:00'),
('OD20260629-003', 'takeout', NULL, 'paid', 2, 52, 0, 52, 52, 'wechat', '2026-06-29 12:30:00', '', '2026-06-29 12:20:00', '2026-06-29 12:30:00'),
('OD20260630-001', 'dine-in', 'B2', 'paid', 4, 116, 10, 106, 106, 'alipay', '2026-06-30 12:45:00', '', '2026-06-30 12:20:00', '2026-06-30 12:45:00'),
('OD20260630-002', 'quick', NULL, 'paid', 1, 28, 0, 28, 28, 'aggregated', '2026-06-30 13:00:00', '', '2026-06-30 12:55:00', '2026-06-30 13:00:00'),
('OD20260630-003', 'dine-in', 'C1', 'paid', 2, 44, 0, 44, 44, 'cash', '2026-06-30 13:20:00', '', '2026-06-30 13:10:00', '2026-06-30 13:20:00'),
('OD20260701-001', 'dine-in', 'A1', 'paid', 3, 84, 0, 84, 84, 'wechat', '2026-07-01 12:00:00', '', '2026-07-01 11:40:00', '2026-07-01 12:00:00'),
('OD20260701-002', 'dine-in', 'A2', 'paid', 4, 108, 0, 108, 108, 'wechat', '2026-07-01 12:30:00', '', '2026-07-01 12:10:00', '2026-07-01 12:30:00'),
('OD20260701-003', 'takeout', NULL, 'paid', 3, 66, 0, 66, 66, 'alipay', '2026-07-01 12:45:00', '', '2026-07-01 12:35:00', '2026-07-01 12:45:00'),
('OD20260702-001', 'dine-in', 'B1', 'paid', 6, 176, 16, 160, 160, 'wechat', '2026-07-02 11:50:00', '', '2026-07-02 11:20:00', '2026-07-02 11:50:00'),
('OD20260702-002', 'quick', NULL, 'paid', 2, 44, 0, 44, 44, 'cash', '2026-07-02 12:10:00', '', '2026-07-02 12:05:00', '2026-07-02 12:10:00'),
('OD20260702-003', 'dine-in', 'C1', 'paid', 2, 56, 0, 56, 56, 'aggregated', '2026-07-02 12:40:00', '', '2026-07-02 12:25:00', '2026-07-02 12:40:00'),
('OD20260703-001', 'dine-in', 'A1', 'dining', 2, 56, 0, 56, 0, NULL, NULL, '', '2026-07-03 12:00:00', '2026-07-03 12:00:00'),
('OD20260703-002', 'dine-in', 'A2', 'dining', 3, 84, 0, 84, 0, NULL, NULL, '', '2026-07-03 12:15:00', '2026-07-03 12:15:00'),
('OD20260703-003', 'takeout', NULL, 'paid', 2, 48, 0, 48, 48, 'wechat', '2026-07-03 12:30:00', '', '2026-07-03 12:20:00', '2026-07-03 12:30:00');

INSERT INTO order_items (order_id, dish_id, dish_name, unit_price, quantity, discount, amount, status, note) VALUES
(1, 1, '青椒肉丝', 28, 2, 0, 56, 'served', ''),
(1, 9, '酸梅汤', 8, 1, 0, 8, 'served', ''),
(1, 10, '豆浆', 6, 2, 0, 14, 'served', ''),
(2, 2, '番茄炒蛋', 22, 2, 0, 44, 'served', ''),
(2, 4, '炒青菜', 16, 1, 0, 16, 'served', ''),
(3, 3, '红烧肉', 38, 2, 0, 76, 'served', ''),
(3, 5, '酸辣土豆丝', 18, 1, 0, 18, 'served', ''),
(3, 9, '酸梅汤', 8, 1, 0, 8, 'served', ''),
(4, 6, '蛋炒饭', 18, 2, 0, 36, 'served', ''),
(4, 10, '豆浆', 6, 1, 0, 6, 'served', ''),
(5, 1, '青椒肉丝', 28, 2, 0, 56, 'served', ''),
(5, 2, '番茄炒蛋', 22, 2, 0, 44, 'served', ''),
(5, 3, '红烧肉', 38, 1, 0, 38, 'served', ''),
(5, 4, '炒青菜', 16, 1, 0, 16, 'served', ''),
(5, 9, '酸梅汤', 8, 1, 0, 8, 'served', ''),
(6, 7, '牛肉面', 26, 2, 0, 52, 'served', ''),
(6, 4, '炒青菜', 16, 1, 0, 16, 'served', ''),
(6, 10, '豆浆', 6, 1, 0, 6, 'served', ''),
(7, 8, '鸡肉饭', 24, 2, 0, 48, 'served', ''),
(7, 9, '酸梅汤', 8, 1, 0, 8, 'served', ''),
(8, 1, '青椒肉丝', 28, 2, 0, 56, 'served', ''),
(8, 2, '番茄炒蛋', 22, 2, 0, 44, 'served', ''),
(8, 3, '红烧肉', 38, 1, 0, 38, 'served', ''),
(8, 5, '酸辣土豆丝', 18, 1, 0, 18, 'served', ''),
(9, 1, '青椒肉丝', 28, 1, 0, 28, 'served', ''),
(10, 6, '蛋炒饭', 18, 2, 0, 36, 'served', ''),
(10, 10, '豆浆', 6, 1, 0, 6, 'served', ''),
(11, 7, '牛肉面', 26, 2, 0, 52, 'served', ''),
(11, 5, '酸辣土豆丝', 18, 1, 0, 18, 'served', ''),
(11, 9, '酸梅汤', 8, 1, 0, 8, 'served', ''),
(12, 8, '鸡肉饭', 24, 2, 0, 48, 'served', ''),
(12, 2, '番茄炒蛋', 22, 2, 0, 44, 'served', ''),
(12, 9, '酸梅汤', 8, 1, 0, 8, 'served', ''),
(13, 6, '蛋炒饭', 18, 2, 0, 36, 'served', ''),
(13, 4, '炒青菜', 16, 1, 0, 16, 'served', ''),
(13, 10, '豆浆', 6, 2, 0, 12, 'served', ''),
(14, 1, '青椒肉丝', 28, 3, 0, 84, 'served', ''),
(14, 2, '番茄炒蛋', 22, 2, 0, 44, 'served', ''),
(14, 3, '红烧肉', 38, 1, 0, 38, 'served', ''),
(14, 5, '酸辣土豆丝', 18, 1, 0, 18, 'served', ''),
(14, 9, '酸梅汤', 8, 2, 0, 16, 'served', ''),
(14, 10, '豆浆', 6, 2, 0, 12, 'served', ''),
(15, 6, '蛋炒饭', 18, 2, 0, 36, 'served', ''),
(15, 10, '豆浆', 6, 1, 0, 6, 'served', ''),
(16, 7, '牛肉面', 26, 2, 0, 52, 'served', ''),
(16, 9, '酸梅汤', 8, 1, 0, 8, 'served', ''),
(17, 7, '牛肉面', 26, 1, 0, 26, 'ordered', ''),
(17, 8, '鸡肉饭', 24, 1, 0, 24, 'ordered', ''),
(18, 1, '青椒肉丝', 28, 2, 0, 56, 'ordered', ''),
(18, 5, '酸辣土豆丝', 18, 1, 0, 18, 'ordered', ''),
(18, 9, '酸梅汤', 8, 1, 0, 8, 'ordered', ''),
(19, 8, '鸡肉饭', 24, 2, 0, 48, 'served', '');

INSERT INTO payments (order_id, amount, method, transaction_id, status, paid_at) VALUES
(1, 78, 'wechat', 'TX20260628123001', 'success', '2026-06-28 12:30:00'),
(2, 50, 'cash', NULL, 'success', '2026-06-28 12:45:00'),
(3, 87, 'alipay', 'TX20260628130001', 'success', '2026-06-28 13:00:00'),
(4, 44, 'aggregated', 'TX20260628131501', 'success', '2026-06-28 13:15:00'),
(5, 146, 'wechat', 'TX20260629113001', 'success', '2026-06-29 11:30:00'),
(6, 72, 'cash', NULL, 'success', '2026-06-29 12:00:00'),
(7, 52, 'wechat', 'TX20260629123001', 'success', '2026-06-29 12:30:00'),
(8, 106, 'alipay', 'TX20260630124501', 'success', '2026-06-30 12:45:00'),
(9, 28, 'aggregated', 'TX20260630130001', 'success', '2026-06-30 13:00:00'),
(10, 44, 'cash', NULL, 'success', '2026-06-30 13:20:00'),
(11, 84, 'wechat', 'TX20260701120001', 'success', '2026-07-01 12:00:00'),
(12, 108, 'wechat', 'TX20260701123001', 'success', '2026-07-01 12:30:00'),
(13, 66, 'alipay', 'TX20260701124501', 'success', '2026-07-01 12:45:00'),
(14, 160, 'wechat', 'TX20260702115001', 'success', '2026-07-02 11:50:00'),
(15, 44, 'cash', NULL, 'success', '2026-07-02 12:10:00'),
(16, 56, 'aggregated', 'TX20260702124001', 'success', '2026-07-02 12:40:00'),
(19, 48, 'wechat', 'TX20260703123001', 'success', '2026-07-03 12:30:00');
